provinsi_id,nama_provinsi,tahun,twp90_avg,twp90_std,twp90_max,twp90_min,x1_bi_rate_avg,x2_inflasi_avg,x2_inflasi_std,x3_pdrb,x4_tpt,x5_internet,x6_tabungan,x7_kc_bank,x8_ldr,x9_npl,x10_umkm,log_pdrb,log_tabungan,log_kc_bank,twp90_avg_lag1,x1_bi_rate_avg_lag1,x2_inflasi_avg_lag1,x9_npl_lag1,x8_ldr_lag1,log_pdrb_lag1,delta_twp90,delta_npl,delta_pdrb_pct
1,Banten,2022,0.02514166666666667,0.00239979481446126,0.0287,0.0217,4.0,0.004791666666666667,0.004956248275631172,61414000.0,8.309999999999999,0.81,236586.03,96.0,0.7703,0.0202,0.2979,17.9331483964386,12.374071410765183,4.574710978503383,,,,,,,,,
1,Banten,2023,0.029208333333333333,0.012290162979415938,0.0513,0.0216,5.8125,0.0024116666666666666,0.002024431832002313,66147000.0,7.744999999999999,0.891,246873.64,94.0,0.7934,0.0173,0.2995,18.00739011114075,12.416635956408612,4.553876891600541,0.02514166666666667,4.0,0.004791666666666667,0.0202,0.7703,17.9331483964386,0.004066666666666663,-0.0029,0.0770671182466538
1,Banten,2024,0.022291666666666668,0.00278745838398069,0.0266,0.0189,6.104166666666667,0.025075,0.005433419315177639,70276000.0,6.85,0.8455,268171.77,96.0,0.7943,0.0232,0.2826,18.067940918696692,12.499386715965409,4.574710978503383,0.029208333333333333,5.8125,0.0024116666666666666,0.0173,0.7934,18.00739011114075,-0.006916666666666665,0.005899999999999999,0.062421576186372674
1,Banten,2025,0.024116666666666665,0.0028985367259214,0.0274,0.0199,5.291666666666667,0.01734166666666667,0.0093330749423107,74673000.0,6.665,0.8399,268278.77,97.0,0.7998,0.0281,0.2756,18.128629152374362,12.499785632900052,4.584967478670572,0.022291666666666668,6.104166666666667,0.025075,0.0232,0.7943,18.067940918696692,0.0018249999999999968,0.004900000000000002,0.06256759064260908
2,Dki Jakarta,2022,0.025491666666666666,0.004145415503537576,0.0336,0.0205,4.0,0.0034583333333333337,0.0039046495206084605,299675000.0,7.59,0.834,3393358.58,451.0,0.9222,0.0217,0.0461,19.518209115394384,15.037331015162694,6.113682179832232,,,,,,,,,
2,Dki Jakarta,2023,0.029475,0.0016944427885403404,0.0323,0.0273,5.8125,0.0018916666666666665,0.0017676169542549926,322651000.0,7.050000000000001,0.8696,3467900.74,446.0,1.0211,0.0185,0.0424,19.59208180477429,15.05906028314784,6.102558594613569,0.025491666666666666,4.0,0.0034583333333333337,0.0217,0.9222,19.518209115394384,0.003983333333333335,-0.0032000000000000015,0.07666972553599738
2,Dki Jakarta,2024,0.031241666666666668,0.002811488875483893,0.0356,0.0266,6.104166666666667,0.019033333333333333,0.0026102362600602526,344383000.0,6.12,0.8751,3579123.95,447.0,1.1058,0.0172,0.0392,19.657264970995392,15.090628901125342,6.104793232414985,0.029475,5.8125,0.0018916666666666665,0.0185,1.0211,19.59208180477429,0.0017666666666666664,-0.001299999999999999,0.06735450998137305
2,Dki Jakarta,2025,0.046683333333333334,0.032341806137605,0.1158,0.0287,5.291666666666667,0.0181,0.01058248982560772,367687000.0,6.115,0.9135,3893790.76,450.0,1.0624,0.0158,0.0372,19.722742593457312,15.174893986340004,6.111467339502679,0.031241666666666668,6.104166666666667,0.019033333333333333,0.0172,1.1058,19.657264970995392,0.015441666666666666,-0.0013999999999999985,0.06766884544242902
3,Jawa Barat,2022,0.030016666666666667,0.003775960644376314,0.0359,0.026,4.0,0.004833333333333333,0.003941527930161402,49137000.0,8.33,0.824,588747.81,375.0,0.9226,0.0304,0.3409,17.710122893483888,13.2857549030793,5.929589143389895,,,,,,,,,
3,Jawa Barat,2023,0.036975,0.0021273649941140373,0.0414,0.033,5.8125,0.0021608333333333336,0.001901307962876338,52651000.0,7.665,0.8273,609314.93,371.0,0.9474,0.0299,0.3334,17.779195808709204,13.320092180651095,5.918893854273146,0.030016666666666667,4.0,0.004833333333333333,0.0304,0.9226,17.710122893483888,0.006958333333333334,-0.0005000000000000004,0.07151433746463964
3,Jawa Barat,2024,0.033825,0.004281699959765343,0.0396,0.0286,6.104166666666667,0.024816666666666667,0.006030352519973563,56082000.0,6.83,0.8552,635255.39,372.0,0.9761,0.0311,0.311,17.84232548122381,13.361783960163695,5.921578419643816,0.036975,5.8125,0.0021608333333333336,0.0299,0.9474,17.779195808709204,-0.00315,0.0011999999999999997,0.06516495413192525
3,Jawa Barat,2025,0.03358333333333333,0.0025650920002403357,0.0396,0.0305,5.291666666666667,0.0167,0.008707259249405845,59865000.0,6.755,0.8652,640716.9,371.0,0.9799,0.0397,0.3024,17.907602601837333,13.37034454542945,5.918893854273146,0.033825,6.104166666666667,0.024816666666666667,0.0311,0.9761,17.84232548122381,-0.0002416666666666678,0.0086,0.0674547983310152
4,Jawa Tengah,2022,0.02723333333333333,0.003610926180190878,0.0342,0.0231,4.0,0.0051375,0.00504930080668241,41934000.0,5.66,0.769,366687.0,326.0,0.9582,0.0414,0.4892,17.55160753553432,12.812266629226174,5.7899601708972535,,,,,,,,,
4,Jawa Tengah,2023,0.02790833333333333,0.002301958981284236,0.033,0.0245,5.8125,0.0024091666666666667,0.0013809447249377267,45162000.0,5.1850000000000005,0.7754,388275.56,318.0,0.9625,0.0409,0.4972,17.625766605387234,12.86947314820105,5.765191102784844,0.02723333333333333,4.0,0.0051375,0.0414,0.9582,17.55160753553432,0.0006749999999999985,-0.0005000000000000004,0.07697810845614539
4,Jawa Tengah,2024,0.025724999999999998,0.001382438556911794,0.0279,0.0238,6.104166666666667,0.022516666666666667,0.007203892045697287,47970000.0,4.585,0.8132,407782.29,315.0,0.9479,0.041,0.4921,17.686086394324608,12.918491160314343,5.755742213586912,0.02790833333333333,5.8125,0.0024091666666666667,0.0409,0.9625,17.625766605387234,-0.0021833333333333323,0.00010000000000000286,0.06217616580310881
4,Jawa Tengah,2025,0.028241666666666665,0.00321260538089155,0.0352,0.0246,5.291666666666667,0.019808333333333334,0.009228164235183243,50824000.0,4.495,0.8257,407163.64,311.0,0.9411,0.0471,0.4896,17.74387926160425,12.916972903512738,5.7430031878094825,0.025724999999999998,6.104166666666667,0.022516666666666667,0.041,0.9479,17.686086394324608,0.002516666666666667,0.006100000000000001,0.05949551803210329
5,Daerah Istimewa Yogyakarta,2022,0.023124999999999996,0.002836811590500857,0.0286,0.0191,4.0,0.00525,0.00386511201766403,44639000.0,3.8949999999999996,0.786,76380.46,59.0,0.62,0.0266,0.4696,17.614118496754656,11.243495275548376,4.0943445622221,,,,,,,,,
5,Daerah Istimewa Yogyakarta,2023,0.023816666666666667,0.0036936883102575576,0.0332,0.0204,5.8125,0.0025916666666666666,0.0016478406439576576,48373000.0,3.635,0.7903,79202.04,59.0,0.6488,0.0259,0.4487,17.694452385462984,11.279769960904261,4.0943445622221,0.023124999999999996,4.0,0.00525,0.0266,0.62,17.614118496754656,0.0006916666666666703,-0.0006999999999999992,0.08364882725867506
5,Daerah Istimewa Yogyakarta,2024,0.028758333333333334,0.004921466583583933,0.0338,0.0204,6.104166666666667,0.021775,0.006033712109322239,51486000.0,3.3600000000000003,0.8873,82759.06,58.0,0.6732,0.0282,0.4131,17.756820503440068,11.323700856847134,4.07753744390572,0.023816666666666667,5.8125,0.0025916666666666666,0.0259,0.6488,17.694452385462984,0.004941666666666667,0.0023,0.06435408182250435
5,Daerah Istimewa Yogyakarta,2025,0.028624999999999998,0.007385381752919996,0.042,0.0185,5.291666666666667,0.020183333333333334,0.010665563389912529,55039000.0,3.3200000000000003,0.9118,83745.45,61.0,0.6953,0.033,0.3903,17.823552600988595,11.335549060729212,4.127134385045092,0.028758333333333334,6.104166666666667,0.021775,0.0282,0.6732,17.756820503440068,-0.000133333333333336,0.004800000000000002,0.06900905100415655
6,Jawa Timur,2022,0.028033333333333337,0.002695563133384303,0.0322,0.0239,4.0,0.0050625,0.004587310808583331,66248000.0,5.15,0.729,656259.04,397.0,0.7932,0.0336,0.3827,18.00891584879047,13.394312391818561,5.986452005284438,,,,,,,,,
6,Jawa Timur,2023,0.03208333333333333,0.00287428515487158,0.0367,0.0279,5.8125,0.002361666666666667,0.0012721194436010634,71122000.0,4.605,0.8126,682940.16,383.0,0.807,0.0301,0.3908,18.079907284319685,13.434163985500717,5.950642552587727,0.028033333333333337,4.0,0.0050625,0.0336,0.7932,18.00891584879047,0.004049999999999995,-0.0034999999999999996,0.07357203236324117
6,Jawa Timur,2024,0.026125,0.0022357122111106107,0.0291,0.0226,6.104166666666667,0.022583333333333334,0.006215352448623172,75770000.0,3.9650000000000003,0.8179,712523.25,379.0,0.8356,0.0261,0.379,18.14321300710539,13.476569225633481,5.940171252720432,0.03208333333333333,5.8125,0.002361666666666667,0.0301,0.807,18.079907284319685,-0.005958333333333333,-0.003999999999999997,0.06535249289952483
6,Jawa Timur,2025,0.03406666666666667,0.007059401640022442,0.0502,0.0276,5.291666666666667,0.017958333333333333,0.009115566938268876,80856000.0,3.745,0.8219,726507.91,378.0,0.8189,0.0328,0.3816,18.2081803651043,13.496006026198067,5.937536205082426,0.026125,6.104166666666667,0.022583333333333334,0.0261,0.8356,18.14321300710539,0.00794166666666667,0.006700000000000001,0.06712419163257222
7,Aceh,2022,0.014650000000000002,0.004800284082502544,0.0291,0.0104,4.0,0.004880833333333333,0.006974992288471897,38767000.0,6.07,0.681,39252.83,52.0,0.8721,0.0153,0.3147,17.47307995303123,10.577804298067807,3.970291913552122,,,,,,,,,
7,Aceh,2023,0.0123,0.0028894793491372984,0.0192,0.0092,5.8125,0.0012566666666666666,0.0034488056782110248,41408000.0,5.890000000000001,0.6781,41485.84,52.0,0.9296,0.0157,0.3139,17.53898468099263,10.633131547495543,3.970291913552122,0.014650000000000002,4.0,0.004880833333333333,0.0153,0.8721,17.47307995303123,-0.0023500000000000014,0.0003999999999999993,0.0681249516341218
7,Aceh,2024,0.009816666666666666,0.0017377275303386808,0.0125,0.0075,6.104166666666667,0.02413333333333333,0.006597152737539448,43782000.0,5.654999999999999,0.7599,45184.4,53.0,0.9734,0.0179,0.3042,17.59473335481625,10.71852930479217,3.9889840465642745,0.0123,5.8125,0.0012566666666666666,0.0157,0.9296,17.53898468099263,-0.002483333333333334,0.0022000000000000006,0.05733191653786718
7,Aceh,2025,0.01025,0.0035012984604416266,0.0201,0.008,5.291666666666667,0.031083333333333334,0.016841390211096718,45770000.0,5.57,0.7565,44260.48,53.0,1.0176,0.0206,0.291,17.639139434478196,10.697870051816876,3.9889840465642745,0.009816666666666666,6.104166666666667,0.02413333333333333,0.0179,0.9734,17.59473335481625,0.0004333333333333342,0.002700000000000001,0.04540678817778998
8,Sumatera Utara,2022,0.020558333333333335,0.0019392868104881572,0.0249,0.0179,4.0,0.00503,0.007473134914782782,62922000.0,5.8149999999999995,0.793,278253.65,196.0,0.8011,0.0232,0.3157,17.95740643793729,12.536291980588452,5.2832037287379885,,,,,,,,,
8,Sumatera Utara,2023,0.018491666666666667,0.002902493703174858,0.0243,0.0143,5.8125,0.00209,0.004470977115087525,68306000.0,5.5649999999999995,0.6712,286846.32,193.0,0.8723,0.0185,0.3147,18.039508183053236,12.56670536712425,5.267858159063328,0.020558333333333335,4.0,0.00503,0.0232,0.8011,17.95740643793729,-0.002066666666666668,-0.004699999999999999,0.08556625663519912
8,Sumatera Utara,2024,0.016375,0.0016917580957528928,0.0195,0.0139,6.104166666666667,0.02535,0.010102789893705782,73575000.0,5.35,0.7315,292162.63,191.0,0.9616,0.0163,0.2882,18.113815865675384,12.58506930101035,5.2574953720277815,0.018491666666666667,5.8125,0.00209,0.0185,0.8723,18.039508183053236,-0.002116666666666666,-0.0022000000000000006,0.07713817234210762
8,Sumatera Utara,2025,0.018375,0.0018552750347442962,0.0207,0.0155,5.291666666666667,0.028200000000000003,0.017588167510108506,78310000.0,5.1850000000000005,0.7003,301109.14,192.0,0.9391,0.0201,0.2886,18.17618587949688,12.615231390422213,5.262690188904886,0.016375,6.104166666666667,0.02535,0.0163,0.9616,18.113815865675384,0.0019999999999999983,0.0038000000000000013,0.06435609921848462
9,Sumatera Barat,2022,0.0146,0.0011425648976992704,0.0163,0.0126,4.0,0.006125000000000001,0.007737761597868891,50264000.0,6.225,0.754,51357.66,84.0,1.2332,0.0168,0.434,17.732799692959876,10.846588847680804,4.442651256490317,,,,,,,,,
9,Sumatera Barat,2023,0.02,0.003277748673043184,0.0235,0.015,5.8125,0.0018208333333333334,0.0019701705433025256,54334000.0,5.92,0.8031,50438.37,84.0,1.3428,0.0175,0.443,17.810660758370982,10.828527299913622,4.442651256490317,0.0146,4.0,0.006125000000000001,0.0168,1.2332,17.732799692959876,0.0054,0.0007000000000000027,0.08097246538277902
9,Sumatera Barat,2024,0.022699999999999998,0.003174042446872042,0.0281,0.0171,6.104166666666667,0.02613333333333333,0.01231837750040257,57083000.0,5.77,0.7514,52018.81,83.0,1.3696,0.0189,0.4298,17.86001692452374,10.859379886554603,4.430816798843313,0.02,5.8125,0.0018208333333333334,0.0175,1.3428,17.810660758370982,0.0026999999999999975,0.0013999999999999985,0.05059447123348182
9,Sumatera Barat,2025,0.026108333333333334,0.005411176705055317,0.034,0.0188,5.291666666666667,0.0234,0.018157843284026677,59549000.0,5.655,0.7645,54261.07,82.0,1.3104,0.0237,0.4308,17.902310077806227,10.901580735135077,4.418840607796598,0.022699999999999998,6.104166666666667,0.02613333333333333,0.0189,1.3696,17.86001692452374,0.003408333333333336,0.004799999999999999,0.04320025226424673
10,Riau,2022,0.019525,0.002572980231701611,0.0247,0.0169,4.0,0.004986666666666667,0.00840274450114456,151259000.0,4.385,0.756,108539.59,84.0,0.7825,0.0195,0.4249,18.834504163848333,11.594879483386665,4.442651256490317,,,,,,,,,
10,Riau,2023,0.015841666666666667,0.0020606522944902374,0.0211,0.0136,5.8125,0.0018774999999999998,0.0029998185551190198,154522000.0,4.24,0.7714,110730.93,86.0,0.8306,0.0218,0.447,18.85584704545847,11.614867514324416,4.465908118654584,0.019525,4.0,0.004986666666666667,0.0195,0.7825,18.834504163848333,-0.0036833333333333336,0.0023,0.021572270079796896
10,Riau,2024,0.014083333333333335,0.0008653253022926576,0.0159,0.013,6.104166666666667,0.024966666666666665,0.011708996799922959,165350000.0,3.7750000000000004,0.8249,117909.72,85.0,0.858,0.0208,0.4269,18.923575003439854,11.677683006904378,4.454347296253507,0.015841666666666667,5.8125,0.0018774999999999998,0.0218,0.8306,18.85584704545847,-0.0017583333333333322,-0.0010000000000000009,0.070074164196684
10,Riau,2025,0.017275,0.0012548994889124494,0.0197,0.0155,5.291666666666667,0.025858333333333334,0.01876008617606362,176385000.0,4.140000000000001,0.8081,120812.21,84.0,0.852,0.0229,0.4223,18.98817966957718,11.70200091280874,4.442651256490317,0.014083333333333335,6.104166666666667,0.024966666666666665,0.0208,0.858,18.923575003439854,0.003191666666666664,0.002100000000000001,0.06673722407015426
11,Kepulauan Riau,2022,0.024541666666666666,0.0025567942759825196,0.0287,0.0209,4.0,0.00445,0.005610055906381618,145530000.0,8.125,0.737,64186.11,58.0,0.7124,0.0191,0.7909,18.795892815760944,11.069557690703089,4.07753744390572,,,,,,,,,
11,Kepulauan Riau,2023,0.020024999999999998,0.002159177031775175,0.0235,0.0173,5.8125,0.0020666666666666667,0.0029084776815788745,154065000.0,7.205,0.7567,71196.76,61.0,0.6944,0.0381,0.7805,18.852885155740918,11.173216636231013,4.127134385045092,0.024541666666666666,4.0,0.00445,0.0191,0.7124,18.795892815760944,-0.004516666666666669,0.019000000000000003,0.05864770150484433
11,Kepulauan Riau,2024,0.016725,0.001514250489666271,0.0195,0.0149,6.104166666666667,0.028266666666666666,0.005806161826156344,161424000.0,6.665,0.8109,74243.23,58.0,0.7181,0.0361,0.7595,18.899545007825164,11.215115343207623,4.07753744390572,0.020024999999999998,5.8125,0.0020666666666666667,0.0381,0.6944,18.852885155740918,-0.0032999999999999974,-0.0020000000000000018,0.047765553500145996
11,Kepulauan Riau,2025,0.017249999999999998,0.0017359828235430092,0.0207,0.015,5.291666666666667,0.023383333333333336,0.006172937025043389,172459000.0,6.67,0.8103,76973.61,59.0,0.748,0.0331,0.7177,18.965670090824105,11.251230906199808,4.0943445622221,0.016725,6.104166666666667,0.028266666666666666,0.0361,0.7181,18.899545007825164,0.0005249999999999977,-0.0030000000000000027,0.06836034294776483
12,Kepulauan Bangka Belitung,2022,0.018766666666666668,0.0021184614199646844,0.023,0.0151,4.0,0.0042375,0.011526178208361569,63866000.0,4.475,0.801,24448.7,31.0,0.592,0.033,0.8012,17.972297712022865,10.104373224889091,3.4657359027997265,,,,,,,,,
12,Kepulauan Bangka Belitung,2023,0.014458333333333335,0.002140712852101261,0.0202,0.0119,5.8125,0.0024041666666666664,0.004542799413924361,67813000.0,4.225,0.8266,23323.24,30.0,0.6929,0.0163,0.7813,18.032264489690196,10.057248442119324,3.4339872044851463,0.018766666666666668,4.0,0.0042375,0.033,0.592,17.972297712022865,-0.004308333333333332,-0.016700000000000003,0.061801271412018854
12,Kepulauan Bangka Belitung,2024,0.015958333333333335,0.002880169923438335,0.0201,0.0119,6.104166666666667,0.010558333333333334,0.005943286255528292,70193000.0,4.24,0.8483,22868.34,30.0,0.7788,0.0165,0.8316,18.06675916317088,10.037552427833461,3.4339872044851463,0.014458333333333335,5.8125,0.0024041666666666664,0.0163,0.6929,18.032264489690196,0.0014999999999999996,0.00020000000000000226,0.03509651541739789
12,Kepulauan Bangka Belitung,2025,0.01745,0.0025087120926157243,0.0208,0.0138,5.291666666666667,0.013975000000000001,0.01099786136234925,75323000.0,4.3100000000000005,0.8088,24610.48,30.0,0.7442,0.02,0.878,18.137296104294606,10.110968279732097,3.4339872044851463,0.015958333333333335,6.104166666666667,0.010558333333333334,0.0165,0.7788,18.06675916317088,0.0014916666666666654,0.0034999999999999996,0.07308421067627835
13,Jambi,2022,0.02075,0.0038483762809787716,0.0282,0.0163,4.0,0.005079166666666667,0.009549927613560348,76224000.0,4.645,0.707,43793.87,61.0,1.0794,0.0189,0.4616,18.149186944816336,10.687271966217399,4.127134385045092,,,,,,,,,
13,Jambi,2023,0.014650000000000002,0.001234724849731897,0.0181,0.0132,5.8125,0.002525,0.003527457235099321,79873000.0,4.515000000000001,0.8046,43529.88,58.0,1.1533,0.0181,0.483,18.195948443744733,10.681225850285031,4.07753744390572,0.02075,4.0,0.005079166666666667,0.0189,1.0794,18.149186944816336,-0.0060999999999999995,-0.0007999999999999986,0.04787206129303101
13,Jambi,2024,0.013541666666666667,0.0011365484698165863,0.0153,0.012,6.104166666666667,0.026766666666666664,0.00913000381691978,86775000.0,4.465,0.8591,46058.36,57.0,1.1853,0.017,0.4823,18.27882913123618,10.73768627835847,4.060443010546419,0.014650000000000002,5.8125,0.002525,0.0181,1.1533,18.195948443744733,-0.0011083333333333344,-0.0011000000000000003,0.08641217933469392
13,Jambi,2025,0.020849999999999997,0.0022869193252058554,0.023,0.0168,5.291666666666667,0.020716666666666664,0.014860982063066621,92786000.0,4.37,0.8771,47619.86,57.0,1.172,0.0178,0.4938,18.345806335084124,10.771026179516587,4.060443010546419,0.013541666666666667,6.104166666666667,0.026766666666666664,0.017,1.1853,18.27882913123618,0.00730833333333333,0.0007999999999999986,0.06927110342840681
14,Sumatera Selatan,2022,0.02370833333333333,0.0031675796132158394,0.03,0.0197,4.0,0.004791666666666666,0.00566439571250798,68239000.0,4.6850000000000005,0.81,106026.1,98.0,0.8938,0.0295,0.0693,18.03852682153292,11.571450000796018,4.59511985013459,,,,,,,,,
14,Sumatera Selatan,2023,0.023141666666666668,0.003741282797343308,0.0277,0.0173,5.8125,0.002404166666666667,0.0015245652634191303,71958000.0,4.32,0.7002,98718.51,98.0,1.0439,0.0342,0.0716,18.09159318733891,11.500037875593671,4.59511985013459,0.02370833333333333,4.0,0.004791666666666666,0.0295,0.8938,18.03852682153292,-0.0005666666666666632,0.004700000000000003,0.05449962631339855
14,Sumatera Selatan,2024,0.029141666666666666,0.003581380722401331,0.0366,0.0244,6.104166666666667,0.022008333333333335,0.009601937146727057,75132000.0,3.915,0.7462,102606.0,97.0,1.1377,0.0224,0.0636,18.134757137825357,11.538661435512369,4.584967478670572,0.023141666666666668,5.8125,0.002404166666666667,0.0342,1.0439,18.09159318733891,0.005999999999999998,-0.011800000000000001,0.04410906362044531
14,Sumatera Selatan,2025,0.028516666666666666,0.002391588796113782,0.0314,0.0246,5.291666666666667,0.024466666666666668,0.00942012674430593,80663000.0,3.79,0.7698,107536.03,98.0,1.1147,0.0246,0.0603,18.205790552271566,11.585590532351647,4.59511985013459,0.029141666666666666,6.104166666666667,0.022008333333333335,0.0224,1.1377,18.134757137825357,-0.0006250000000000006,0.0022000000000000006,0.07361710056966397
15,Bengkulu,2022,0.028558333333333335,0.006720586870116914,0.0378,0.018,4.0,0.004825,0.005433921236087252,43757000.0,3.49,0.758,16379.51,32.0,1.599,0.0147,0.5038,17.59416218082275,9.703847492453495,3.4965075614664802,,,,,,,,,
15,Bengkulu,2023,0.013433333333333334,0.0023703982532030095,0.0177,0.0111,5.8125,0.002533333333333333,0.0017930843580689435,46301000.0,3.315,0.7763,16237.83,32.0,1.7123,0.0193,0.5013,17.650674138693166,9.695160566785376,3.4965075614664802,0.028558333333333335,4.0,0.004825,0.0147,1.599,17.59416218082275,-0.015125000000000001,0.004600000000000002,0.058139269145508043
15,Bengkulu,2024,0.014766666666666666,0.0017976415525669046,0.018,0.0114,6.104166666666667,0.02514166666666667,0.011546857764882368,49233000.0,3.1399999999999997,0.8267,17668.36,32.0,1.6732,0.0146,0.4756,17.712074708641453,9.779587345076585,3.4965075614664802,0.013433333333333334,5.8125,0.002533333333333333,0.0193,1.7123,17.650674138693166,0.0013333333333333322,-0.004700000000000001,0.06332476620375371
15,Bengkulu,2025,0.0194,0.001745123074586587,0.0218,0.0174,5.291666666666667,0.010866666666666665,0.013767704854829544,52305000.0,3.325,0.8851,18780.77,32.0,1.604,0.0161,0.4757,17.77260254587863,9.840641997522354,3.4965075614664802,0.014766666666666666,6.104166666666667,0.02514166666666667,0.0146,1.6732,17.712074708641453,0.004633333333333335,0.0014999999999999996,0.062397172628115394
16,Lampung,2022,0.028258333333333333,0.0047079156425078065,0.0351,0.021,4.0,0.004454166666666666,0.00618522647242213,44982000.0,4.414999999999999,0.772,52656.14,65.0,1.1521,0.0487,0.4541,17.62177298994437,10.871557120903185,4.189654742026425,,,,,,,,,
16,Lampung,2023,0.02563333333333333,0.003576776947662984,0.0322,0.0211,5.8125,0.002691666666666667,0.0030858793746923285,48188000.0,4.205,0.7586,53539.91,65.0,1.1296,0.026,0.4938,17.690620606120934,10.88820131356793,4.189654742026425,0.028258333333333333,4.0,0.004454166666666666,0.0487,1.1521,17.62177298994437,-0.0026250000000000023,-0.0227,0.0712729536258947
16,Lampung,2024,0.027700000000000002,0.0024211192002497914,0.0315,0.0237,6.104166666666667,0.02606666666666667,0.007003938286075308,51387000.0,4.155,0.7775,57454.12,65.0,1.1299,0.0278,0.48,17.754895799608406,10.958759400280623,4.189654742026425,0.02563333333333333,5.8125,0.002691666666666667,0.026,1.1296,17.690620606120934,0.0020666666666666715,0.0017999999999999995,0.06638582219639755
16,Lampung,2025,0.02775,0.0029199937733432975,0.0342,0.0238,5.291666666666667,0.015191666666666668,0.008012315331394352,55009000.0,4.140000000000001,0.7826,60319.76,64.0,1.0951,0.0277,0.4746,17.823007384352255,11.00743160207196,4.174387269895637,0.027700000000000002,6.104166666666667,0.02606666666666667,0.0278,1.1299,17.754895799608406,4.999999999999796e-05,-9.99999999999994e-05,0.07048475295308143
17,Kalimantan Barat,2022,0.027125,0.0050476141979066795,0.0372,0.022,4.0,0.005091666666666667,0.005563799933226364,46092000.0,4.985,0.788,71511.73,76.0,0.906,0.0195,0.4094,17.64614997881178,11.177630754792553,4.343805421853684,,,,,,,,,
17,Kalimantan Barat,2023,0.020716666666666668,0.0018736611381480004,0.0251,0.0188,5.8125,0.0016141666666666665,0.002145563957790515,48809000.0,4.785,0.7996,74919.48,77.0,0.953,0.0176,0.4089,17.70342530053648,11.224182563371457,4.356708826689592,0.027125,4.0,0.005091666666666667,0.0195,0.906,17.64614997881178,-0.006408333333333332,-0.001899999999999999,0.058947322745812825
17,Kalimantan Barat,2024,0.014925,0.0021863730863526626,0.0187,0.0118,6.104166666666667,0.021166666666666667,0.005384545787096006,52703000.0,4.53,0.7903,77884.58,75.0,0.9775,0.0213,0.3918,17.780182956861825,11.262996105609783,4.330733340286331,0.020716666666666668,5.8125,0.0016141666666666665,0.0176,0.953,17.70342530053648,-0.005791666666666667,0.0036999999999999984,0.07978036837468494
17,Kalimantan Barat,2025,0.016608333333333333,0.0017058500058399744,0.0202,0.0144,5.291666666666667,0.013574999999999999,0.007845800845617413,56984000.0,4.525,0.7937,81682.73,75.0,0.9342,0.0243,0.3915,17.858281102189114,11.310610117809599,4.330733340286331,0.014925,6.104166666666667,0.021166666666666667,0.0213,0.9775,17.780182956861825,0.0016833333333333318,0.002999999999999999,0.08122877255564198
18,Kalimantan Tengah,2022,0.02395833333333333,0.004754989405080126,0.0338,0.0186,4.0,0.005066666666666666,0.004625145370360773,72973000.0,4.23,0.766,35480.11,44.0,1.2003,0.0115,0.3964,18.10560008138647,10.47675572116526,3.8066624897703196,,,,,,,,,
18,Kalimantan Tengah,2023,0.01983333333333333,0.0019218047073866088,0.023,0.0166,5.8125,0.0021541666666666666,0.001960804372669234,75271000.0,3.9699999999999998,0.7351,39743.9,44.0,1.1834,0.0135,0.398,18.136605505713305,10.590236809964294,3.8066624897703196,0.02395833333333333,4.0,0.005066666666666666,0.0115,1.2003,18.10560008138647,-0.004125,0.002,0.03149109944774087
18,Kalimantan Tengah,2024,0.016900000000000002,0.0025398639906319964,0.0207,0.0134,6.104166666666667,0.019675,0.008734167494282543,79320000.0,3.84,0.824,43955.12,44.0,1.1421,0.0161,0.392,18.18900087422303,10.690947142565818,3.8066624897703196,0.01983333333333333,5.8125,0.0021541666666666666,0.0135,1.1834,18.136605505713305,-0.0029333333333333295,0.0026,0.053792297166239234
18,Kalimantan Tengah,2025,0.01788333333333333,0.002213936573507731,0.0214,0.014,5.291666666666667,0.016333333333333335,0.009954837410966987,84730000.0,3.72,0.8957,47412.59,44.0,1.0799,0.0194,0.3858,18.254980299976843,10.766664175450796,3.8066624897703196,0.016900000000000002,6.104166666666667,0.019675,0.0161,1.1421,18.18900087422303,0.0009833333333333291,0.003300000000000001,0.06820474029248613
20,Kalimantan Timur,2022,0.022183333333333333,0.0026097137890209467,0.0268,0.0186,4.0,0.004366666666666667,0.004671447767279888,238917000.0,6.24,0.776,141003.72,113.0,0.6267,0.0327,0.3666,19.29162677343083,11.856548643977328,4.736198448394496,,,,,,,,,
20,Kalimantan Timur,2023,0.02093333333333333,0.0025021203129757873,0.0248,0.0166,5.8125,0.002858333333333334,0.0018115580101786485,215804000.0,5.84,0.7901,156245.26,112.0,0.6447,0.0189,0.3643,19.189881150931544,11.959188631312177,4.727387818712341,0.022183333333333333,4.0,0.004366666666666667,0.0327,0.6267,19.29162677343083,-0.0012500000000000011,-0.0138,-0.09674070911655508
20,Kalimantan Timur,2024,0.018616666666666667,0.0038482187929986364,0.0242,0.0137,6.104166666666667,0.024983333333333333,0.006980470592801727,212117000.0,5.445,0.8063,169406.11,110.0,0.6499,0.0198,0.3503,19.172648571909612,12.040060031984003,4.709530201312334,0.02093333333333333,5.8125,0.002858333333333334,0.0189,0.6447,19.189881150931544,-0.002316666666666665,0.0009000000000000015,-0.01708494745231781
20,Kalimantan Timur,2025,0.018125,0.0021084785553051803,0.0221,0.0159,5.291666666666667,0.015024999999999998,0.008448574382161117,208331000.0,5.255,0.8883,165206.04,110.0,0.6999,0.0212,0.3322,19.1546387237699,12.014954754173127,4.709530201312334,0.018616666666666667,6.104166666666667,0.024983333333333333,0.0198,0.6499,19.172648571909612,-0.000491666666666668,0.0013999999999999985,-0.017848640137282712
21,Kalimantan Selatan,2022,0.026975,0.004650733080044283,0.0346,0.0203,4.0,0.005566666666666667,0.00460035242391737,60213000.0,4.470000000000001,0.83,71961.95,71.0,0.7907,0.0257,0.3414,17.913398850417448,11.183906682221417,4.276666119016055,,,,,,,,,
21,Kalimantan Selatan,2023,0.024158333333333334,0.0021253698430383763,0.0277,0.0212,5.8125,0.0023241666666666667,0.0022805360547401344,63754000.0,4.13,0.7782,77407.31,71.0,0.8358,0.022,0.3612,17.970542500817746,11.256849418155765,4.276666119016055,0.026975,4.0,0.005566666666666667,0.0257,0.7907,17.913398850417448,-0.0028166666666666652,-0.003700000000000002,0.05880789862654234
21,Kalimantan Selatan,2024,0.018575,0.003085486553645514,0.023,0.014,6.104166666666667,0.022433333333333333,0.004243783332086707,67122000.0,4.045,0.7176,88274.75,70.0,0.8811,0.0216,0.307,18.022022431955367,11.388220716937216,4.2626798770413155,0.024158333333333334,5.8125,0.0023241666666666667,0.022,0.8358,17.970542500817746,-0.0055833333333333325,-0.0003999999999999976,0.052828057847350784
21,Kalimantan Selatan,2025,0.021841666666666665,0.0018661863559547096,0.0251,0.0194,5.291666666666667,0.02074166666666667,0.011141850534508769,70577000.0,4.05,0.6467,90939.27,71.0,0.9028,0.0257,0.2905,18.072214884518047,11.417958196365138,4.276666119016055,0.018575,6.104166666666667,0.022433333333333333,0.0216,0.8811,18.022022431955367,0.0032666666666666642,0.0040999999999999995,0.05147343642918867
22,Sulawesi Utara,2022,0.020300000000000002,0.0028866463712632477,0.0244,0.0164,4.0,0.0041041666666666666,0.006848770902781599,59021000.0,6.5600000000000005,0.805,27300.69,61.0,1.6142,0.0275,0.2885,17.893403887687665,10.214703884018935,4.127134385045092,,,,,,,,,
22,Sulawesi Utara,2023,0.0161,0.0025697541445897825,0.0209,0.0129,5.8125,0.0025791666666666667,0.003490927093151183,64131000.0,6.145,0.7788,28351.02,61.0,1.7227,0.0247,0.274,17.97643843992261,10.252453558822166,4.127134385045092,0.020300000000000002,4.0,0.0041041666666666666,0.0275,1.6142,17.893403887687665,-0.004200000000000002,-0.0028000000000000004,0.08657935311160436
22,Sulawesi Utara,2024,0.012333333333333333,0.001483443986339242,0.0153,0.0101,6.104166666666667,0.034258333333333335,0.011676118465664968,69352000.0,5.915,0.7181,28247.96,60.0,1.8325,0.0209,0.2614,18.05470555794981,10.248811921737637,4.110873864173311,0.0161,5.8125,0.0025791666666666667,0.0247,1.7227,17.97643843992261,-0.0037666666666666664,-0.0038000000000000013,0.08141148586487024
22,Sulawesi Utara,2025,0.018183333333333333,0.004675046588651347,0.0271,0.0135,5.291666666666667,0.012025000000000001,0.007847886223806905,75235000.0,6.01,0.7384,31083.56,59.0,1.6875,0.0238,0.2597,18.136127119466803,10.344466511866248,4.0943445622221,0.012333333333333333,6.104166666666667,0.034258333333333335,0.0209,1.8325,18.05470555794981,0.005849999999999999,0.0029000000000000033,0.08482812319760069
23,Gorontalo,2022,0.01589166666666667,0.003934337955935554,0.0215,0.0106,4.0,0.0042250000000000005,0.006917977239837458,39691000.0,2.915,0.758,5979.34,19.0,2.8491,0.0356,0.7571,17.496635044899772,8.696232701515717,2.995732273553991,,,,,,,,,
23,Gorontalo,2023,0.010991666666666665,0.0015162503591145992,0.0145,0.0091,5.8125,0.003191666666666667,0.00547464541538924,42341000.0,3.065,0.7988,5998.75,19.0,2.9248,0.0538,0.8355,17.561266465337678,8.699473080675446,2.995732273553991,0.01589166666666667,4.0,0.0042250000000000005,0.0356,2.8491,17.496635044899772,-0.004900000000000003,0.0182,0.06676576553878721
23,Gorontalo,2024,0.009716666666666667,0.00287681431553387,0.017,0.0066,6.104166666666667,0.02878333333333333,0.01849239811054228,44437000.0,3.09,0.6436,6108.53,19.0,2.8602,0.0343,0.9037,17.609583036210115,8.717605126129985,2.995732273553991,0.010991666666666665,5.8125,0.003191666666666667,0.0538,2.9248,17.561266465337678,-0.0012749999999999984,-0.019500000000000003,0.04950284594128629
23,Gorontalo,2025,0.015958333333333335,0.0019100015865454293,0.0205,0.014,5.291666666666667,0.0151,0.01392251283484284,47477000.0,3.27,0.7241,6581.48,19.0,2.6763,0.0374,0.9218,17.675755962273612,8.792166853006563,2.995732273553991,0.009716666666666667,6.104166666666667,0.02878333333333333,0.0343,2.8602,17.609583036210115,0.006241666666666668,0.0031000000000000055,0.06841145891936895
24,Sulawesi Tengah,2022,0.014758333333333333,0.002441109409984556,0.02,0.0113,4.0,0.005045833333333334,0.0055916926341807735,106068000.0,3.335,0.773,29803.27,45.0,1.5185,0.0167,0.3077,18.479590965259,10.30240695081927,3.828641396489095,,,,,,,,,
24,Sulawesi Tengah,2023,0.017091666666666668,0.0034139974791845985,0.021,0.0116,5.8125,0.002558333333333333,0.0027934853867633896,112461000.0,3.22,0.6444,29551.88,48.0,1.6331,0.0174,0.3262,18.538117061731274,10.293936480014073,3.8918202981106265,0.014758333333333333,4.0,0.005045833333333334,0.0167,1.5185,18.479590965259,0.002333333333333335,0.0006999999999999992,0.06027265527774639
24,Sulawesi Tengah,2024,0.016058333333333334,0.0019556251422421685,0.0193,0.0134,6.104166666666667,0.025575,0.007183203261143947,120750000.0,3.045,0.6047,32273.1,48.0,1.8195,0.0143,0.2924,18.60923285877853,10.382020329965853,3.8918202981106265,0.017091666666666668,5.8125,0.002558333333333333,0.0174,1.6331,18.538117061731274,-0.001033333333333334,-0.0030999999999999986,0.07370555125776934
24,Sulawesi Tengah,2025,0.016375,0.0007509085406117282,0.0175,0.0154,5.291666666666667,0.026575,0.014792143184812673,131643000.0,2.9699999999999998,0.6357,32901.74,48.0,1.713,0.0188,0.307,18.695604278801746,10.401311215960426,3.8918202981106265,0.016058333333333334,6.104166666666667,0.025575,0.0143,1.8195,18.60923285877853,0.0003166666666666665,0.0045000000000000005,0.09021118012422358
25,Sulawesi Barat,2022,0.012508333333333335,0.001287321626361093,0.0144,0.0094,4.0,0.0039833333333333335,0.007535351030410936,37034000.0,2.7249999999999996,0.576,5701.06,17.0,1.9109,0.0189,0.6098,17.427346994582113,8.648582792040896,2.8903717578961645,,,,,,,,,
25,Sulawesi Barat,2023,0.010483333333333332,0.0019380558831108572,0.0142,0.0073,5.8125,0.0015166666666666668,0.0029076179983351367,39547000.0,2.6550000000000002,0.6078,5884.6,17.0,2.0217,0.0218,0.6244,17.493000421237106,8.680263968618055,2.8903717578961645,0.012508333333333335,4.0,0.0039833333333333335,0.0189,1.9109,17.427346994582113,-0.0020250000000000025,0.0029,0.06785656423826758
25,Sulawesi Barat,2024,0.008183333333333334,0.003748413805945931,0.0194,0.0057,6.104166666666667,0.019033333333333333,0.004755921349096081,42718000.0,2.85,0.5911,6192.23,17.0,2.0029,0.0215,0.6127,17.57013095845022,8.731212038953426,2.8903717578961645,0.010483333333333332,5.8125,0.0015166666666666668,0.0218,2.0217,17.493000421237106,-0.0022999999999999982,-0.00030000000000000165,0.08018307330518115
25,Sulawesi Barat,2025,0.012624999999999999,0.0008280590668435549,0.0143,0.011,5.291666666666667,0.023816666666666667,0.012337513624075251,46654000.0,3.0149999999999997,0.5303,6534.58,17.0,1.9292,0.0281,0.6052,17.658269247925027,8.785016374989185,2.8903717578961645,0.008183333333333334,6.104166666666667,0.019033333333333333,0.0215,2.0029,17.57013095845022,0.004441666666666665,0.006600000000000002,0.09213914509106225
26,Sulawesi Selatan,2022,0.019425,0.0036658435715274454,0.0238,0.0132,4.0,0.004443333333333333,0.004983542612409065,65353000.0,5.13,0.758,112190.9,135.0,1.2182,0.025,0.4014,17.99531391893881,11.62796607695136,4.912654885736052,,,,,,,,,
26,Sulawesi Selatan,2023,0.020399999999999998,0.0027729210066446005,0.0266,0.0171,5.8125,0.0021383333333333332,0.0026130923280954913,69710000.0,4.795,0.7613,122158.08,133.0,1.2663,0.0281,0.3858,18.059854351807726,11.71307940875741,4.897839799950911,0.019425,4.0,0.004443333333333333,0.025,1.2182,17.99531391893881,0.0009749999999999967,0.0030999999999999986,0.06666870686885074
26,Sulawesi Selatan,2024,0.017133333333333334,0.0022050905293035583,0.0206,0.0139,6.104166666666667,0.020483333333333333,0.005532356613322185,73573000.0,4.545,0.7181,127591.14,132.0,1.2624,0.0269,0.3743,18.113788682159836,11.756594049249465,4.890349128221754,0.020399999999999998,5.8125,0.0021383333333333332,0.0281,1.2663,18.059854351807726,-0.0032666666666666642,-0.0011999999999999997,0.055415291923683885
26,Sulawesi Selatan,2025,0.016858333333333333,0.001129326696699757,0.019,0.0153,5.291666666666667,0.019991666666666668,0.013711737396269023,78748000.0,4.585,0.7603,131955.27,132.0,1.2442,0.03,0.3672,18.18176345122085,11.790225858801767,4.890349128221754,0.017133333333333334,6.104166666666667,0.020483333333333333,0.0269,1.2624,18.113788682159836,-0.00027500000000000094,0.0030999999999999986,0.07033830345371261
27,Sulawesi Tenggara,2022,0.011283333333333333,0.0017182619830585332,0.0142,0.009,4.0,0.006241666666666666,0.006068316875128531,58715000.0,3.61,0.736,29600.6,41.0,1.2209,0.0148,0.1509,17.888205805812742,10.295583692905337,3.7376696182833684,,,,,,,,,
27,Sulawesi Tenggara,2023,0.009541666666666667,0.001438723129175396,0.0134,0.0078,5.8125,0.0021,0.0034344511272479256,64088000.0,3.4050000000000002,0.7392,30234.6,44.0,1.1837,0.0162,0.1553,17.975767712480636,10.31677531706143,3.8066624897703196,0.011283333333333333,4.0,0.006241666666666666,0.0148,1.2209,17.888205805812742,-0.0017416666666666657,0.0013999999999999985,0.09150983564676829
27,Sulawesi Tenggara,2024,0.016766666666666666,0.006792821522933179,0.0291,0.0077,6.104166666666667,0.019466666666666667,0.008385413019950268,67840000.0,3.1550000000000002,0.6505,31624.72,44.0,1.2698,0.0163,0.1265,18.032662564188488,10.361725992569081,3.8066624897703196,0.009541666666666667,5.8125,0.0021,0.0162,1.1837,17.975767712480636,0.007224999999999999,9.99999999999994e-05,0.05854450131069777
27,Sulawesi Tenggara,2025,0.014808333333333333,0.0006359793211808831,0.0159,0.0139,5.291666666666667,0.022766666666666668,0.014255163870320713,72031000.0,3.29,0.7382,30892.8,44.0,1.3153,0.0192,0.1288,18.09260715375635,10.338310795504293,3.8066624897703196,0.016766666666666666,6.104166666666667,0.019466666666666667,0.0163,1.2698,18.032662564188488,-0.0019583333333333328,0.0029,0.061777712264150964
28,Bali,2022,0.018966666666666666,0.002196829671608749,0.0216,0.0148,4.0,0.004516666666666666,0.0066555285745056045,56093000.0,4.82,0.734,117121.56,88.0,0.7413,0.024,0.5277,17.84252160335154,11.670976186879756,4.48863636973214,,,,,,,,,
28,Bali,2023,0.014216666666666667,0.0019798224591354063,0.0178,0.0103,5.8125,0.0028166666666666665,0.0025049345240339056,62299000.0,3.21,0.8088,139257.66,85.0,0.6625,0.0159,0.543,17.94745594831611,11.844088346161,4.454347296253507,0.018966666666666666,4.0,0.004516666666666666,0.024,0.7413,17.84252160335154,-0.004749999999999999,-0.0081,0.11063769097748377
28,Bali,2024,0.014766666666666666,0.0018052113113948404,0.0177,0.0117,6.104166666666667,0.02866666666666667,0.005658514635378077,67318000.0,1.83,0.8547,159657.68,87.0,0.6223,0.0131,0.5419,18.02493823284719,11.98079356559703,4.477336814478207,0.014216666666666667,5.8125,0.0028166666666666665,0.0159,0.6625,17.94745594831611,0.0005499999999999984,-0.0028000000000000004,0.08056309090033542
28,Bali,2025,0.015391666666666666,0.004913332202623118,0.0227,0.01,5.291666666666667,0.024183333333333334,0.005370598973423107,72658000.0,1.5350000000000001,0.9059,168212.72,90.0,0.6104,0.0137,0.5283,18.101274072680557,12.032990592754416,4.51085950651685,0.014766666666666666,6.104166666666667,0.02866666666666667,0.0131,0.6223,18.02493823284719,0.0006250000000000006,0.0005999999999999998,0.07932499480079613
29,Nusa Tenggara Barat,2022,0.03075,0.01194605298072053,0.0537,0.0148,4.0,0.0051125,0.006472533752852755,28671000.0,3.4050000000000002,0.651,33799.07,49.0,1.6055,0.0164,0.3589,17.171396751794873,10.428218152474884,3.912023005428146,,,,,,,,,
29,Nusa Tenggara Barat,2023,0.065,0.0067521040491767504,0.0767,0.058,5.8125,0.00245,0.0018677891646640325,29926000.0,3.2649999999999997,0.7135,36458.79,48.0,1.7207,0.0115,0.3384,17.21423825914126,10.50396528847937,3.8918202981106265,0.03075,4.0,0.0051125,0.0164,1.6055,17.171396751794873,0.03425,-0.004900000000000002,0.0437724530012904
29,Nusa Tenggara Barat,2024,0.05050833333333333,0.006105207662812182,0.0571,0.0329,6.104166666666667,0.022975,0.007896964318935818,32282000.0,3.0149999999999997,0.6611,42514.35,47.0,1.6137,0.0202,0.3291,17.290020388292376,10.657620466174576,3.871201010907891,0.065,5.8125,0.00245,0.0115,1.7207,17.21423825914126,-0.014491666666666674,0.0087,0.07872752790215864
29,Nusa Tenggara Barat,2025,0.04040833333333333,0.0036832442056952837,0.0477,0.0339,5.291666666666667,0.020641666666666666,0.010123820544845823,33667000.0,3.14,0.7288,42454.7,47.0,1.7245,0.0236,0.3057,17.332028716781185,10.656216458343703,3.871201010907891,0.05050833333333333,6.104166666666667,0.022975,0.0202,1.6137,17.290020388292376,-0.010099999999999998,0.0034000000000000002,0.042903165850938674
30,Nusa Tenggara Timur,2022,0.019591666666666667,0.0025461051657682003,0.0227,0.0149,4.0,0.004588333333333333,0.0066766047894982914,21658000.0,3.42,0.719,32858.5,58.0,1.2102,0.0134,0.4126,16.890885505342776,10.399996175407326,4.07753744390572,,,,,,,,,
30,Nusa Tenggara Timur,2023,0.01355,0.0042459606472719244,0.0202,0.0075,5.8125,0.002428333333333333,0.0052785463448899944,23079000.0,3.12,0.7211,34690.92,60.0,1.2752,0.0165,0.4162,16.954433714438615,10.45426208579454,4.110873864173311,0.019591666666666667,4.0,0.004588333333333333,0.0134,1.2102,16.890885505342776,-0.006041666666666667,0.0031000000000000003,0.06561085972850678
30,Nusa Tenggara Timur,2024,0.007025,0.0027250104253345193,0.0143,0.0044,6.104166666666667,0.01685,0.007631096668476711,24303000.0,3.0949999999999998,0.6775,34538.09,60.0,1.3145,0.0325,0.4017,17.00611039862792,10.449847005088401,4.110873864173311,0.01355,5.8125,0.002428333333333333,0.0165,1.2752,16.954433714438615,-0.0065249999999999996,0.016,0.05303522682958528
30,Nusa Tenggara Timur,2025,0.015533333333333335,0.0032586481673828912,0.0206,0.0103,5.291666666666667,0.018491666666666667,0.00883664460521005,25837000.0,3.27,0.6969,36437.48,60.0,1.2431,0.0381,0.3918,17.06731816977163,10.503380638099957,4.110873864173311,0.007025,6.104166666666667,0.01685,0.0325,1.3145,17.00611039862792,0.008508333333333335,0.005600000000000001,0.06311977945109648
31,Maluku Utara,2022,0.016025,0.0027472713735632306,0.0215,0.0124,4.0,0.0028000000000000004,0.007696161971457533,53776000.0,4.48,0.686,9975.77,22.0,1.4076,0.0107,0.2762,17.80033784754268,9.208014669625832,3.1354942159291497,,,,,,,,,
31,Maluku Utara,2023,0.013058333333333333,0.0020619753694558094,0.0174,0.011,5.8125,0.0036416666666666667,0.008808720713364717,64270000.0,4.455,0.7125,10636.62,22.0,1.3973,0.0152,0.2955,17.978603532906828,9.272152053664065,3.1354942159291497,0.016025,4.0,0.0028000000000000004,0.0107,1.4076,17.80033784754268,-0.002966666666666668,0.0045000000000000005,0.19514281463850036
31,Maluku Utara,2024,0.009458333333333334,0.002138588461125844,0.0132,0.0072,6.104166666666667,0.029924999999999997,0.0071126168308027204,71517000.0,4.095000000000001,0.6845,12495.51,22.0,1.2836,0.0226,0.2866,18.085445755623727,9.433204684306816,3.1354942159291497,0.013058333333333333,5.8125,0.0036416666666666667,0.0152,1.3973,17.978603532906828,-0.003599999999999999,0.007399999999999999,0.112758674342617
31,Maluku Utara,2025,0.007899999999999999,0.0018988034509802604,0.0125,0.006,5.291666666666667,0.014066666666666667,0.011126490366633492,97262000.0,4.404999999999999,0.6747,14972.34,22.0,1.0673,0.0283,0.2843,18.392918936448204,9.614026565420145,3.1354942159291497,0.009458333333333334,6.104166666666667,0.029924999999999997,0.0226,1.2836,18.085445755623727,-0.0015583333333333352,0.0057,0.3599843393878379
32,Maluku,2022,0.02903333333333333,0.01281507161923259,0.0474,0.0136,4.0,0.004470833333333334,0.007418878202793114,28537000.0,6.66,0.705,14033.57,35.0,1.0552,0.0174,0.371,17.166712083902965,9.549278850635154,3.58351893845611,,,,,,,,,
32,Maluku,2023,0.019375,0.007859808579672339,0.0327,0.0119,5.8125,0.0025166666666666666,0.003907587801219881,30455000.0,6.195,0.7499,14371.65,36.0,1.121,0.0223,0.3913,17.231760775088052,9.573082374040654,3.6109179126442243,0.02903333333333333,4.0,0.004470833333333334,0.0174,1.0552,17.166712083902965,-0.009658333333333331,0.004900000000000002,0.06721098924203672
32,Maluku,2024,0.009741666666666668,0.00288836485146034,0.0144,0.0068,6.104166666666667,0.026566666666666666,0.007805281816976519,32199000.0,6.035,0.6568,14445.46,36.0,1.181,0.0246,0.3771,17.287445985188636,9.578204680828453,3.6109179126442243,0.019375,5.8125,0.0025166666666666666,0.0223,1.121,17.231760775088052,-0.009633333333333332,0.0023,0.05726481694303076
32,Maluku,2025,0.008749999999999999,0.0015530029561524284,0.0115,0.0066,5.291666666666667,0.025458333333333333,0.008999238183245729,33652000.0,6.109999999999999,0.6548,14975.42,36.0,1.1592,0.0282,0.3784,17.331583077368755,9.614232243195918,3.6109179126442243,0.009741666666666668,6.104166666666667,0.026566666666666666,0.0246,1.181,17.287445985188636,-0.0009916666666666685,0.003599999999999999,0.04512562501941053
