provinsi_id,nama_provinsi,tanggal,tahun,bulan,y_true,y_pred,error,abs_error,x9_npl_ratio
1,Banten,2025-01-01,2025,1,0.0201,0.020755397,0.0006553971558809,0.0006553969999999985,0.0281
1,Banten,2025-02-01,2025,2,0.0274,0.020105766,-0.007294233867526,0.007294234,0.0281
1,Banten,2025-03-01,2025,3,0.0271,0.02063692,-0.0064630801141262,0.0064630799999999995,0.0281
1,Banten,2025-04-01,2025,4,0.0227,0.020737683,-0.0019623165994882,0.0019623170000000016,0.0281
1,Banten,2025-05-01,2025,5,0.0267,0.020920817,-0.005779183191061,0.005779183,0.0281
1,Banten,2025-06-01,2025,6,0.0273,0.020737683,-0.0065623165994882,0.0065623170000000015,0.0281
1,Banten,2025-07-01,2025,7,0.0247,0.022620697,-0.0020793034255504,0.002079303000000001,0.0281
1,Banten,2025-08-01,2025,8,0.0233,0.02204688,-0.0012531192034482,0.00125312,0.0281
1,Banten,2025-09-01,2025,9,0.0199,0.022771671,0.0028716714143753,0.0028716709999999993,0.0281
1,Banten,2025-10-01,2025,10,0.0201,0.02042743,0.0003274300485849,0.0003274300000000001,0.0281
1,Banten,2025-11-01,2025,11,0.0258,0.020964155,-0.0048358450263738,0.004835844999999998,0.0281
1,Banten,2025-12-01,2025,12,0.0243,0.02042743,-0.003872569951415,0.003872569999999999,0.0281
2,Dki Jakarta,2025-01-01,2025,1,0.0287,0.02895473,0.000254729437828,0.0002547300000000016,0.0158
2,Dki Jakarta,2025-02-01,2025,2,0.0321,0.030627677,-0.0014723227828741,0.0014723229999999976,0.0158
2,Dki Jakarta,2025-03-01,2025,3,0.0308,0.031610087,0.0008100865602493,0.000810087000000001,0.0158
2,Dki Jakarta,2025-04-01,2025,4,0.031,0.03159535,0.0005953493118286,0.0005953500000000014,0.0158
2,Dki Jakarta,2025-05-01,2025,5,0.036,0.030004859,-0.0059951410293579,0.005995140999999999,0.0158
2,Dki Jakarta,2025-06-01,2025,6,0.0356,0.031397946,-0.0042020538210868,0.004202053999999997,0.0158
2,Dki Jakarta,2025-07-01,2025,7,0.0319,0.032218583,0.0003185829281806,0.0003185830000000042,0.0158
2,Dki Jakarta,2025-08-01,2025,8,0.0302,0.031043425,0.0008434252023696,0.0008434249999999983,0.0158
2,Dki Jakarta,2025-09-01,2025,9,0.0364,0.032217707,-0.0041822925150394,0.004182293000000004,0.0158
2,Dki Jakarta,2025-10-01,2025,10,0.0361,0.032030024,-0.0040699763655662,0.004069976000000003,0.0158
2,Dki Jakarta,2025-11-01,2025,11,0.1156,0.032258786,-0.0833412137389183,0.083341214,0.0158
2,Dki Jakarta,2025-12-01,2025,12,0.1158,0.03203884,-0.0837611586034298,0.08376116,0.0158
3,Jawa Barat,2025-01-01,2025,1,0.0309,0.031054096,0.0001540962964296,0.0001540959999999994,0.0397
3,Jawa Barat,2025-02-01,2025,2,0.0338,0.030329265,-0.0034707352995872,0.0034707349999999956,0.0397
3,Jawa Barat,2025-03-01,2025,3,0.0334,0.030801883,-0.0025981170326471,0.0025981170000000005,0.0397
3,Jawa Barat,2025-04-01,2025,4,0.0372,0.031566393,-0.0056336073696613,0.005633606999999999,0.0397
3,Jawa Barat,2025-05-01,2025,5,0.0396,0.030565873,-0.0090341272115707,0.009034127000000003,0.0397
3,Jawa Barat,2025-06-01,2025,6,0.0341,0.031566393,-0.0025336073696613,0.0025336070000000002,0.0397
3,Jawa Barat,2025-07-01,2025,7,0.0323,0.031790927,-0.0005090729475021,0.0005090730000000057,0.0397
3,Jawa Barat,2025-08-01,2025,8,0.0305,0.0310461,0.0005460999608039,0.0005461000000000008,0.0397
3,Jawa Barat,2025-09-01,2025,9,0.0339,0.03180793,-0.0020920707225799,0.0020920700000000014,0.0397
3,Jawa Barat,2025-10-01,2025,10,0.0322,0.031449918,-0.000750082296133,0.0007500819999999991,0.0397
3,Jawa Barat,2025-11-01,2025,11,0.0322,0.031002566,-0.0011974337816238,0.0011974340000000007,0.0397
3,Jawa Barat,2025-12-01,2025,12,0.0329,0.03074033,-0.0021596700042486,0.002159669999999999,0.0397
4,Jawa Tengah,2025-01-01,2025,1,0.0248,0.025000967,0.0002009670853614,0.0002009669999999998,0.0471
4,Jawa Tengah,2025-02-01,2025,2,0.0284,0.024269,-0.0041310003042221,0.004131000000000003,0.0471
4,Jawa Tengah,2025-03-01,2025,3,0.029,0.025654314,-0.0033456859141588,0.0033456860000000005,0.0471
4,Jawa Tengah,2025-04-01,2025,4,0.0332,0.025915151,-0.0072848485380411,0.0072848489999999995,0.0471
4,Jawa Tengah,2025-05-01,2025,5,0.0352,0.026009385,-0.0091906154572963,0.009190615000000003,0.0471
4,Jawa Tengah,2025-06-01,2025,6,0.0277,0.026414484,-0.0012855162143707,0.0012855160000000004,0.0471
4,Jawa Tengah,2025-07-01,2025,7,0.0265,0.025862873,-0.0006371273994445,0.0006371269999999978,0.0471
4,Jawa Tengah,2025-08-01,2025,8,0.0246,0.025815152,0.0012151516318321,0.0012151520000000006,0.0471
4,Jawa Tengah,2025-09-01,2025,9,0.0262,0.025453962,-0.0007460376143455,0.000746038000000001,0.0471
4,Jawa Tengah,2025-10-01,2025,10,0.0258,0.025197266,-0.0006027343302965,0.0006027340000000006,0.0471
4,Jawa Tengah,2025-11-01,2025,11,0.0294,0.025031295,-0.0043687053263187,0.0043687050000000005,0.0471
4,Jawa Tengah,2025-12-01,2025,12,0.0281,0.025031295,-0.0030687053263187,0.0030687050000000014,0.0471
5,Daerah Istimewa Yogyakarta,2025-01-01,2025,1,0.0185,0.021001415,0.0025014153271913,0.002501415,0.033
5,Daerah Istimewa Yogyakarta,2025-02-01,2025,2,0.0199,0.021053035,0.0011530348122119,0.0011530350000000002,0.033
5,Daerah Istimewa Yogyakarta,2025-03-01,2025,3,0.0295,0.02366009,-0.0058399101793766,0.005839909999999997,0.033
5,Daerah Istimewa Yogyakarta,2025-04-01,2025,4,0.0415,0.025738869,-0.0157611311376094,0.015761131,0.033
5,Daerah Istimewa Yogyakarta,2025-05-01,2025,5,0.042,0.026494393,-0.0155056068748235,0.015505607000000001,0.033
5,Daerah Istimewa Yogyakarta,2025-06-01,2025,6,0.0331,0.026472857,-0.0066271427780389,0.0066271429999999985,0.033
5,Daerah Istimewa Yogyakarta,2025-07-01,2025,7,0.0279,0.027243465,-0.0006565348148345,0.0006565349999999998,0.033
5,Daerah Istimewa Yogyakarta,2025-08-01,2025,8,0.0266,0.024847295,-0.0017527048647403,0.0017527050000000002,0.033
5,Daerah Istimewa Yogyakarta,2025-09-01,2025,9,0.0242,0.02678919,0.0025891902476549,0.0025891900000000016,0.033
5,Daerah Istimewa Yogyakarta,2025-10-01,2025,10,0.023,0.02527417,0.0022741705626249,0.002274169999999999,0.033
5,Daerah Istimewa Yogyakarta,2025-11-01,2025,11,0.0288,0.025214795,-0.0035852049767971,0.0035852049999999976,0.033
5,Daerah Istimewa Yogyakarta,2025-12-01,2025,12,0.0285,0.025355019,-0.0031449813246727,0.0031449810000000016,0.033
6,Jawa Timur,2025-01-01,2025,1,0.0276,0.030446049,0.0028460488259792,0.002846049,0.0328
6,Jawa Timur,2025-02-01,2025,2,0.0298,0.029792886,-7.113772630691628e-06,7.113999999999038e-06,0.0328
6,Jawa Timur,2025-03-01,2025,3,0.0294,0.030718068,0.0013180676609277,0.001318068000000002,0.0328
6,Jawa Timur,2025-04-01,2025,4,0.0302,0.030713486,0.0005134855538606,0.0005134860000000005,0.0328
6,Jawa Timur,2025-05-01,2025,5,0.0341,0.030040594,-0.0040594061821699,0.004059405999999998,0.0328
6,Jawa Timur,2025-06-01,2025,6,0.0329,0.029993668,-0.0029063318014144,0.0029063319999999976,0.0328
6,Jawa Timur,2025-07-01,2025,7,0.0328,0.030387513,-0.0024124866604805,0.0024124870000000014,0.0328
6,Jawa Timur,2025-08-01,2025,8,0.0304,0.030395063,-4.937359690666138e-06,4.936999999999997e-06,0.0328
6,Jawa Timur,2025-09-01,2025,9,0.0327,0.030315485,-0.0023845151484012,0.0023845150000000002,0.0328
6,Jawa Timur,2025-10-01,2025,10,0.0317,0.028324474,-0.0033755263507366,0.0033755260000000002,0.0328
6,Jawa Timur,2025-11-01,2025,11,0.047,0.029041333,-0.0179586668759584,0.017958667,0.0328
6,Jawa Timur,2025-12-01,2025,12,0.0502,0.028468236,-0.0217317636728286,0.021731764,0.0328
7,Aceh,2025-01-01,2025,1,0.0087,0.014978683,0.0062786826223135,0.006278683,0.0206
7,Aceh,2025-02-01,2025,2,0.0092,0.014941564,0.0057415638297796,0.005741563999999999,0.0206
7,Aceh,2025-03-01,2025,3,0.0109,0.014418895,0.003518895356357,0.0035188949999999993,0.0206
7,Aceh,2025-04-01,2025,4,0.0139,0.014955355,0.0010553548544645,0.0010553550000000009,0.0206
7,Aceh,2025-05-01,2025,5,0.0201,0.015345278,-0.0047547218039631,0.004754721999999999,0.0206
7,Aceh,2025-06-01,2025,6,0.0082,0.01532714,0.0071271397575736,0.007127139999999999,0.0206
7,Aceh,2025-07-01,2025,7,0.0086,0.014867607,0.0062676065728068,0.006267607,0.0206
7,Aceh,2025-08-01,2025,8,0.0094,0.015270734,0.005870734205842,0.005870733999999999,0.0206
7,Aceh,2025-09-01,2025,9,0.0088,0.014849886,0.0060498862981796,0.006049885999999999,0.0206
7,Aceh,2025-10-01,2025,10,0.008,0.014875328,0.0068753281682729,0.006875328,0.0206
7,Aceh,2025-11-01,2025,11,0.0082,0.014053035,0.0058530345961451,0.0058530349999999995,0.0206
7,Aceh,2025-12-01,2025,12,0.009,0.014127671,0.0051276707872748,0.005127671,0.0206
8,Sumatera Utara,2025-01-01,2025,1,0.0189,0.017814575,-0.0010854252368211,0.001085425000000001,0.0201
8,Sumatera Utara,2025-02-01,2025,2,0.0186,0.017348962,-0.001251038095355,0.0012510379999999995,0.0201
8,Sumatera Utara,2025-03-01,2025,3,0.0203,0.01698078,-0.0033192197114229,0.0033192199999999977,0.0201
8,Sumatera Utara,2025-04-01,2025,4,0.0207,0.017945124,-0.0027548761636018,0.002754876,0.0201
8,Sumatera Utara,2025-05-01,2025,5,0.0207,0.018329266,-0.0023707335412502,0.0023707339999999993,0.0201
8,Sumatera Utara,2025-06-01,2025,6,0.0155,0.018244296,0.0027442963123321,0.0027442960000000002,0.0201
8,Sumatera Utara,2025-07-01,2025,7,0.0159,0.01751365,0.0016136495381593,0.0016136499999999977,0.0201
8,Sumatera Utara,2025-08-01,2025,8,0.016,0.019566992,0.0035669922977685,0.003566991999999998,0.0201
8,Sumatera Utara,2025-09-01,2025,9,0.0191,0.019079724,-2.0275673270224448e-05,2.0275999999999628e-05,0.0201
8,Sumatera Utara,2025-10-01,2025,10,0.019,0.017532054,-0.001467945665121,0.0014679460000000012,0.0201
8,Sumatera Utara,2025-11-01,2025,11,0.0188,0.017552992,-0.0012470076709985,0.0012470080000000008,0.0201
8,Sumatera Utara,2025-12-01,2025,12,0.017,0.017621733,0.0006217332482337,0.0006217329999999993,0.0201
9,Sumatera Barat,2025-01-01,2025,1,0.0311,0.023400415,-0.0076995852649211,0.007699584999999998,0.0237
9,Sumatera Barat,2025-02-01,2025,2,0.0316,0.022496007,-0.0091039926171302,0.009103993000000005,0.0237
9,Sumatera Barat,2025-03-01,2025,3,0.034,0.02316309,-0.0108369104713201,0.010836910000000002,0.0237
9,Sumatera Barat,2025-04-01,2025,4,0.0319,0.023077441,-0.008822558620572,0.008822558999999997,0.0237
9,Sumatera Barat,2025-05-01,2025,5,0.0316,0.022877142,-0.0087228581666946,0.008722858000000003,0.0237
9,Sumatera Barat,2025-06-01,2025,6,0.024,0.024857638,0.0008576384037733,0.0008576380000000008,0.0237
9,Sumatera Barat,2025-07-01,2025,7,0.0228,0.020536073,-0.0022639274477958,0.0022639270000000024,0.0237
9,Sumatera Barat,2025-08-01,2025,8,0.0214,0.021532815,0.0001328149497509,0.0001328150000000014,0.0237
9,Sumatera Barat,2025-09-01,2025,9,0.022,0.022081858,8.18575471639646e-05,8.185800000000062e-05,0.0237
9,Sumatera Barat,2025-10-01,2025,10,0.0217,0.020035252,-0.0016647480249404,0.0016647480000000006,0.0237
9,Sumatera Barat,2025-11-01,2025,11,0.0224,0.021259492,-0.0011405077368021,0.0011405079999999984,0.0237
9,Sumatera Barat,2025-12-01,2025,12,0.0188,0.02049937,0.0016993691295385,0.0016993699999999987,0.0237
10,Riau,2025-01-01,2025,1,0.0155,0.018020986,0.002520985648036,0.0025209859999999994,0.0229
10,Riau,2025-02-01,2025,2,0.0157,0.018142248,0.0024422475725412,0.002442248000000001,0.0229
10,Riau,2025-03-01,2025,3,0.0165,0.01807835,0.0015783495306968,0.0015783499999999992,0.0229
10,Riau,2025-04-01,2025,4,0.0186,0.018990563,0.0003905632287263,0.000390563,0.0229
10,Riau,2025-05-01,2025,5,0.0197,0.018837452,-0.0008625480651855,0.0008625479999999977,0.0229
10,Riau,2025-06-01,2025,6,0.0166,0.018625446,0.0020254456639289,0.002025446,0.0229
10,Riau,2025-07-01,2025,7,0.0172,0.01971939,0.0025193901985883,0.00251939,0.0229
10,Riau,2025-08-01,2025,8,0.0171,0.020280749,0.0031807486057281,0.003180749,0.0229
10,Riau,2025-09-01,2025,9,0.0182,0.020048926,0.0018489256531,0.0018489260000000007,0.0229
10,Riau,2025-10-01,2025,10,0.0176,0.018450659,0.0008506587684154,0.0008506590000000001,0.0229
10,Riau,2025-11-01,2025,11,0.0183,0.018865786,0.0005657864928245,0.0005657859999999987,0.0229
10,Riau,2025-12-01,2025,12,0.0163,0.018865786,0.0025657864928245,0.0025657860000000005,0.0229
11,Kepulauan Riau,2025-01-01,2025,1,0.016,0.017156161,0.0011561613678932,0.0011561609999999993,0.0331
11,Kepulauan Riau,2025-02-01,2025,2,0.0164,0.017580392,0.0011803918391466,0.0011803919999999989,0.0331
11,Kepulauan Riau,2025-03-01,2025,3,0.0172,0.017736409,0.0005364088594913,0.0005364090000000016,0.0331
11,Kepulauan Riau,2025-04-01,2025,4,0.0205,0.01777567,-0.0027243303060531,0.0027243300000000005,0.0331
11,Kepulauan Riau,2025-05-01,2025,5,0.0207,0.017657105,-0.0030428951203823,0.0030428950000000003,0.0331
11,Kepulauan Riau,2025-06-01,2025,6,0.018,0.017657105,-0.0003428951203823,0.0003428949999999993,0.0331
11,Kepulauan Riau,2025-07-01,2025,7,0.0174,0.01731921,-8.079012632369875e-05,8.078999999999725e-05,0.0331
11,Kepulauan Riau,2025-08-01,2025,8,0.015,0.017786978,0.0027869778126478,0.002786977999999999,0.0331
11,Kepulauan Riau,2025-09-01,2025,9,0.0164,0.01773683,0.001336829817295,0.0013368299999999972,0.0331
11,Kepulauan Riau,2025-10-01,2025,10,0.0168,0.017905448,0.0011054476320743,0.001105448000000002,0.0331
11,Kepulauan Riau,2025-11-01,2025,11,0.0164,0.017297965,0.0008979645431041,0.0008979649999999971,0.0331
11,Kepulauan Riau,2025-12-01,2025,12,0.0162,0.01757235,0.0013723508000373,0.0013723500000000013,0.0331
12,Kepulauan Bangka Belitung,2025-01-01,2025,1,0.0208,0.01772173,-0.0030782706469297,0.0030782699999999975,0.02
12,Kepulauan Bangka Belitung,2025-02-01,2025,2,0.0206,0.016705135,-0.003894865116477,0.003894865000000001,0.02
12,Kepulauan Bangka Belitung,2025-03-01,2025,3,0.0193,0.016652307,-0.0026476934581995,0.0026476929999999996,0.02
12,Kepulauan Bangka Belitung,2025-04-01,2025,4,0.0198,0.016287684,-0.0035123155593872,0.0035123160000000014,0.02
12,Kepulauan Bangka Belitung,2025-05-01,2025,5,0.0195,0.015681641,-0.003818358823657,0.0038183590000000003,0.02
12,Kepulauan Bangka Belitung,2025-06-01,2025,6,0.016,0.016832473,0.000832472756505,0.0008324730000000002,0.02
12,Kepulauan Bangka Belitung,2025-07-01,2025,7,0.0163,0.01614732,-0.0001526807725429,0.0001526799999999988,0.02
12,Kepulauan Bangka Belitung,2025-08-01,2025,8,0.0181,0.017285485,-0.0008145151793956,0.0008145150000000018,0.02
12,Kepulauan Bangka Belitung,2025-09-01,2025,9,0.0138,0.017496996,0.00369699562788,0.003696996000000001,0.02
12,Kepulauan Bangka Belitung,2025-10-01,2025,10,0.0145,0.01673616,0.0022361591011285,0.002236159999999999,0.02
12,Kepulauan Bangka Belitung,2025-11-01,2025,11,0.015,0.016960539,0.0019605389237403,0.0019605390000000007,0.02
12,Kepulauan Bangka Belitung,2025-12-01,2025,12,0.0157,0.016860493,0.0011604925274848,0.001160493000000002,0.02
13,Jambi,2025-01-01,2025,1,0.0168,0.016932849,0.0001328488409519,0.00013284900000000086,0.0178
13,Jambi,2025-02-01,2025,2,0.0173,0.015951447,-0.0013485528111457,0.0013485529999999989,0.0178
13,Jambi,2025-03-01,2025,3,0.0212,0.01691626,-0.0042837398767471,0.004283740000000001,0.0178
13,Jambi,2025-04-01,2025,4,0.0192,0.01728617,-0.0019138297259807,0.0019138299999999983,0.0178
13,Jambi,2025-05-01,2025,5,0.0227,0.016869316,-0.0058306841224432,0.005830684000000003,0.0178
13,Jambi,2025-06-01,2025,6,0.0216,0.01627541,-0.0053245903909206,0.005324590000000001,0.0178
13,Jambi,2025-07-01,2025,7,0.0229,0.01761928,-0.0052807198554277,0.005280719999999999,0.0178
13,Jambi,2025-08-01,2025,8,0.0222,0.017004862,-0.0051951375722885,0.005195138000000002,0.0178
13,Jambi,2025-09-01,2025,9,0.023,0.017739613,-0.0052603873908519,0.005260386999999998,0.0178
13,Jambi,2025-10-01,2025,10,0.023,0.017057851,-0.0059421490430831,0.005942149000000001,0.0178
13,Jambi,2025-11-01,2025,11,0.0218,0.01732464,-0.0044753605157136,0.004475360000000001,0.0178
13,Jambi,2025-12-01,2025,12,0.0185,0.015981318,-0.0025186815708875,0.002518681999999998,0.0178
14,Sumatera Selatan,2025-01-01,2025,1,0.0314,0.026385095,-0.0050149050295352,0.005014904999999997,0.0246
14,Sumatera Selatan,2025-02-01,2025,2,0.031,0.026529444,-0.0044705556184053,0.0044705560000000005,0.0246
14,Sumatera Selatan,2025-03-01,2025,3,0.0306,0.027432324,-0.0031676756352186,0.0031676759999999977,0.0246
14,Sumatera Selatan,2025-04-01,2025,4,0.0273,0.02665075,-0.0006492508530616,0.0006492500000000005,0.0246
14,Sumatera Selatan,2025-05-01,2025,5,0.0282,0.027004885,-0.0011951154440641,0.001195115,0.0246
14,Sumatera Selatan,2025-06-01,2025,6,0.0266,0.02705937,0.0004593706518411,0.0004593700000000006,0.0246
14,Sumatera Selatan,2025-07-01,2025,7,0.0251,0.029137142,0.0040371420025825,0.0040371420000000005,0.0246
14,Sumatera Selatan,2025-08-01,2025,8,0.0246,0.025033917,0.0004339172780513,0.00043391699999999894,0.0246
14,Sumatera Selatan,2025-09-01,2025,9,0.028,0.024494302,-0.0035056984722614,0.0035056980000000015,0.0246
14,Sumatera Selatan,2025-10-01,2025,10,0.0277,0.024108145,-0.0035918546140193,0.003591854999999998,0.0246
14,Sumatera Selatan,2025-11-01,2025,11,0.0309,0.028680202,-0.0022197983801364,0.002219798000000002,0.0246
14,Sumatera Selatan,2025-12-01,2025,12,0.0308,0.027611174,-0.0031888263106346,0.0031888260000000022,0.0246
15,Bengkulu,2025-01-01,2025,1,0.0174,0.017407289,7.288774847985513e-06,7.2890000000006006e-06,0.0161
15,Bengkulu,2025-02-01,2025,2,0.0174,0.016688636,-0.0007113644272088,0.000711363999999999,0.0161
15,Bengkulu,2025-03-01,2025,3,0.0184,0.015529489,-0.0028705108553171,0.002870510999999999,0.0161
15,Bengkulu,2025-04-01,2025,4,0.0211,0.015300238,-0.0057997624263167,0.005799762,0.0161
15,Bengkulu,2025-05-01,2025,5,0.0214,0.015075094,-0.0063249059334397,0.006324905999999998,0.0161
15,Bengkulu,2025-06-01,2025,6,0.0175,0.0151784895,-0.0023215105012059,0.002321510500000002,0.0161
15,Bengkulu,2025-07-01,2025,7,0.0187,0.015611457,-0.00308854329288,0.003088543000000001,0.0161
15,Bengkulu,2025-08-01,2025,8,0.0187,0.017033968,-0.0016660318791866,0.0016660320000000013,0.0161
15,Bengkulu,2025-09-01,2025,9,0.0205,0.017502727,-0.0029972730129957,0.0029972730000000017,0.0161
15,Bengkulu,2025-10-01,2025,10,0.0218,0.01813662,-0.0036633794784545,0.003663380000000001,0.0161
15,Bengkulu,2025-11-01,2025,11,0.0216,0.01787669,-0.0037233097463846,0.0037233100000000005,0.0161
15,Bengkulu,2025-12-01,2025,12,0.0183,0.017577851,-0.0007221488088369,0.0007221490000000018,0.0161
16,Lampung,2025-01-01,2025,1,0.0246,0.02421621,-0.0003837895303964,0.0003837900000000019,0.0277
16,Lampung,2025-02-01,2025,2,0.0283,0.023759816,-0.0045401841580867,0.004540183999999999,0.0277
16,Lampung,2025-03-01,2025,3,0.0272,0.02623952,-0.0009604800611734,0.0009604799999999997,0.0277
16,Lampung,2025-04-01,2025,4,0.0314,0.025148956,-0.0062510438948869,0.006251043999999997,0.0277
16,Lampung,2025-05-01,2025,5,0.0342,0.025552833,-0.0086471665471792,0.008647167,0.0277
16,Lampung,2025-06-01,2025,6,0.0281,0.025081107,-0.0030188926070928,0.0030188930000000017,0.0277
16,Lampung,2025-07-01,2025,7,0.0278,0.02523847,-0.0025615307569503,0.0025615299999999994,0.0277
16,Lampung,2025-08-01,2025,8,0.0284,0.024365613,-0.0040343867629766,0.004034387,0.0277
16,Lampung,2025-09-01,2025,9,0.0284,0.023666212,-0.004733787664771,0.004733788000000003,0.0277
16,Lampung,2025-10-01,2025,10,0.0248,0.023666212,-0.001133787664771,0.0011337880000000002,0.0277
16,Lampung,2025-11-01,2025,11,0.026,0.02411945,-0.0018805502206087,0.0018805499999999982,0.0277
16,Lampung,2025-12-01,2025,12,0.0238,0.023964953,0.0001649526774883,0.00016495299999999893,0.0277
17,Kalimantan Barat,2025-01-01,2025,1,0.0159,0.017645847,0.0017458470523357,0.0017458469999999983,0.0243
17,Kalimantan Barat,2025-02-01,2025,2,0.0153,0.01786713,0.0025671292960643,0.002567129999999999,0.0243
17,Kalimantan Barat,2025-03-01,2025,3,0.0144,0.017916633,0.0035166328161954,0.0035166330000000016,0.0243
17,Kalimantan Barat,2025-04-01,2025,4,0.0161,0.018691357,0.0025913572251796,0.002591356999999999,0.0243
17,Kalimantan Barat,2025-05-01,2025,5,0.0182,0.021369023,0.0031690232485532,0.003169023,0.0243
17,Kalimantan Barat,2025-06-01,2025,6,0.0154,0.021120433,0.0057204327642917,0.0057204330000000005,0.0243
17,Kalimantan Barat,2025-07-01,2025,7,0.0167,0.022828402,0.0061284019976854,0.0061284020000000015,0.0243
17,Kalimantan Barat,2025-08-01,2025,8,0.0173,0.023216657,0.0059166573405265,0.005916657000000002,0.0243
17,Kalimantan Barat,2025-09-01,2025,9,0.0202,0.022766203,0.0025662026882171,0.0025662029999999995,0.0243
17,Kalimantan Barat,2025-10-01,2025,10,0.0186,0.02241196,0.0038119592458009,0.003811960000000003,0.0243
17,Kalimantan Barat,2025-11-01,2025,11,0.0164,0.019242348,0.0028423481494188,0.002842347999999998,0.0243
17,Kalimantan Barat,2025-12-01,2025,12,0.0148,0.019307422,0.0045074215203523,0.0045074220000000005,0.0243
18,Kalimantan Tengah,2025-01-01,2025,1,0.0181,0.017707666,-0.0003923336178064,0.0003923340000000011,0.0194
18,Kalimantan Tengah,2025-02-01,2025,2,0.0183,0.017652776,-0.0006472239077091,0.0006472240000000018,0.0194
18,Kalimantan Tengah,2025-03-01,2025,3,0.0183,0.017279124,-0.0010208761125802,0.0010208760000000004,0.0194
18,Kalimantan Tengah,2025-04-01,2025,4,0.0184,0.017480154,-0.0009198464095592,0.0009198459999999985,0.0194
18,Kalimantan Tengah,2025-05-01,2025,5,0.0214,0.01757985,-0.0038201501905918,0.003820149999999998,0.0194
18,Kalimantan Tengah,2025-06-01,2025,6,0.0149,0.017548082,0.002648082396388,0.0026480819999999995,0.0194
18,Kalimantan Tengah,2025-07-01,2025,7,0.0191,0.018242475,-0.0008575253546237,0.0008575249999999979,0.0194
18,Kalimantan Tengah,2025-08-01,2025,8,0.0162,0.018320192,0.0021201916515827,0.002120192,0.0194
18,Kalimantan Tengah,2025-09-01,2025,9,0.0207,0.017863054,-0.0028369461715221,0.002836946,0.0194
18,Kalimantan Tengah,2025-10-01,2025,10,0.0191,0.017861387,-0.0012386132389307,0.0012386129999999995,0.0194
18,Kalimantan Tengah,2025-11-01,2025,11,0.0161,0.018247021,0.0021470213621854,0.002147020999999999,0.0194
18,Kalimantan Tengah,2025-12-01,2025,12,0.014,0.017665224,0.0036652241498231,0.003665224,0.0194
20,Kalimantan Timur,2025-01-01,2025,1,0.0159,0.019425452,0.0035254517555236,0.0035254519999999984,0.0212
20,Kalimantan Timur,2025-02-01,2025,2,0.0182,0.018862633,0.0006626330345869,0.0006626329999999993,0.0212
20,Kalimantan Timur,2025-03-01,2025,3,0.0199,0.020497246,0.0005972457140684,0.0005972459999999992,0.0212
20,Kalimantan Timur,2025-04-01,2025,4,0.021,0.021689722,0.0006897223144769,0.0006897220000000003,0.0212
20,Kalimantan Timur,2025-05-01,2025,5,0.0221,0.021652667,-0.0004473331481218,0.00044733300000000115,0.0212
20,Kalimantan Timur,2025-06-01,2025,6,0.0194,0.021301916,0.0019019158691167,0.001901916,0.0212
20,Kalimantan Timur,2025-07-01,2025,7,0.0188,0.022396635,0.0035966352641582,0.003596635000000001,0.0212
20,Kalimantan Timur,2025-08-01,2025,8,0.0166,0.020348227,0.0037482266515493,0.003748227,0.0212
20,Kalimantan Timur,2025-09-01,2025,9,0.0164,0.020460537,0.0040605367034673,0.0040605369999999995,0.0212
20,Kalimantan Timur,2025-10-01,2025,10,0.016,0.020363314,0.0043633140772581,0.004363314,0.0212
20,Kalimantan Timur,2025-11-01,2025,11,0.0169,0.02095155,0.0040515504539012,0.004051550000000001,0.0212
20,Kalimantan Timur,2025-12-01,2025,12,0.0163,0.020201208,0.0039012080699205,0.0039012079999999998,0.0212
21,Kalimantan Selatan,2025-01-01,2025,1,0.0194,0.022015862,0.0026158621668815,0.002615862,0.0257
21,Kalimantan Selatan,2025-02-01,2025,2,0.0196,0.022142654,0.0025426542848348,0.002542654000000002,0.0257
21,Kalimantan Selatan,2025-03-01,2025,3,0.0202,0.02201946,0.0018194607973098,0.001819460000000002,0.0257
21,Kalimantan Selatan,2025-04-01,2025,4,0.0236,0.022836342,-0.0007636575460433,0.0007636580000000004,0.0257
21,Kalimantan Selatan,2025-05-01,2025,5,0.0251,0.022772934,-0.0023270657122135,0.002327065999999999,0.0257
21,Kalimantan Selatan,2025-06-01,2025,6,0.02,0.023078542,0.0030785422027111,0.003078542,0.0257
21,Kalimantan Selatan,2025-07-01,2025,7,0.0216,0.025416387,0.003816387245059,0.0038163869999999975,0.0257
21,Kalimantan Selatan,2025-08-01,2025,8,0.0226,0.025180118,0.0025801181584596,0.0025801180000000028,0.0257
21,Kalimantan Selatan,2025-09-01,2025,9,0.0238,0.024929758,0.0011297581613063,0.001129757999999998,0.0257
21,Kalimantan Selatan,2025-10-01,2025,10,0.0232,0.023719149,0.00051914871037,0.000519149,0.0257
21,Kalimantan Selatan,2025-11-01,2025,11,0.0222,0.024292845,0.0020928452789783,0.0020928449999999994,0.0257
21,Kalimantan Selatan,2025-12-01,2025,12,0.0208,0.023531321,0.0027313214361667,0.002731321000000002,0.0257
22,Sulawesi Utara,2025-01-01,2025,1,0.0141,0.013662738,-0.0004372622057795,0.000437261999999999,0.0238
22,Sulawesi Utara,2025-02-01,2025,2,0.0196,0.013283673,-0.0063163272574543,0.006316327,0.0238
22,Sulawesi Utara,2025-03-01,2025,3,0.0164,0.011301867,-0.0050981332674622,0.005098133000000001,0.0238
22,Sulawesi Utara,2025-04-01,2025,4,0.0178,0.012779091,-0.0050209094464778,0.0050209090000000005,0.0238
22,Sulawesi Utara,2025-05-01,2025,5,0.0158,0.012683589,-0.0031164109885692,0.0031164110000000012,0.0238
22,Sulawesi Utara,2025-06-01,2025,6,0.0135,0.017025048,0.0035250479131937,0.003525048000000001,0.0238
22,Sulawesi Utara,2025-07-01,2025,7,0.0139,0.017067498,0.0031674975961446,0.0031674980000000012,0.0238
22,Sulawesi Utara,2025-08-01,2025,8,0.0147,0.016836874,0.0021368741869926,0.002136874000000002,0.0238
22,Sulawesi Utara,2025-09-01,2025,9,0.0176,0.016844844,-0.0007551555544137,0.0007551559999999999,0.0238
22,Sulawesi Utara,2025-10-01,2025,10,0.021,0.017282922,-0.003717078179121,0.003717078000000002,0.0238
22,Sulawesi Utara,2025-11-01,2025,11,0.0271,0.017051836,-0.01004816352427,0.010048163999999998,0.0238
22,Sulawesi Utara,2025-12-01,2025,12,0.0267,0.01685926,-0.0098407405436038,0.00984074,0.0238
23,Gorontalo,2025-01-01,2025,1,0.0148,0.015589325,0.0007893247574567,0.0007893249999999987,0.0374
23,Gorontalo,2025-02-01,2025,2,0.0205,0.013797284,-0.00670271589607,0.006702716000000001,0.0374
23,Gorontalo,2025-03-01,2025,3,0.0173,0.010139849,-0.007160150963068,0.007160151,0.0374
23,Gorontalo,2025-04-01,2025,4,0.0161,0.009625759,-0.0064742410242557,0.006474241,0.0374
23,Gorontalo,2025-05-01,2025,5,0.0167,0.012336896,-0.004363104198873,0.004363104,0.0374
23,Gorontalo,2025-06-01,2025,6,0.014,0.011247871,-0.0027521285563707,0.0027521290000000007,0.0374
23,Gorontalo,2025-07-01,2025,7,0.0148,0.012182237,-0.0026177633509039,0.0026177630000000004,0.0374
23,Gorontalo,2025-08-01,2025,8,0.0141,0.015675284,0.0015752839684486,0.0015752840000000014,0.0374
23,Gorontalo,2025-09-01,2025,9,0.0142,0.01570024,0.001500239688158,0.00150024,0.0374
23,Gorontalo,2025-10-01,2025,10,0.015,0.015953911,0.0009539114683866,0.0009539110000000017,0.0374
23,Gorontalo,2025-11-01,2025,11,0.0163,0.01564434,-0.0006556601554155,0.0006556599999999989,0.0374
23,Gorontalo,2025-12-01,2025,12,0.0177,0.015700743,-0.0019992573976516,0.001999257000000001,0.0374
24,Sulawesi Tengah,2025-01-01,2025,1,0.0172,0.018180318,0.0009803181767463,0.0009803180000000009,0.0188
24,Sulawesi Tengah,2025-02-01,2025,2,0.0166,0.018024692,0.0014246923118829,0.0014246919999999982,0.0188
24,Sulawesi Tengah,2025-03-01,2025,3,0.0175,0.017630195,0.0001301952451467,0.00013019499999999962,0.0188
24,Sulawesi Tengah,2025-04-01,2025,4,0.0169,0.017168269,0.0002682685613632,0.00026826900000000153,0.0188
24,Sulawesi Tengah,2025-05-01,2025,5,0.0168,0.017228326,0.0004283258289098,0.0004283259999999997,0.0188
24,Sulawesi Tengah,2025-06-01,2025,6,0.0154,0.015449011,4.901076704263638e-05,4.9010999999999846e-05,0.0188
24,Sulawesi Tengah,2025-07-01,2025,7,0.0157,0.014352016,-0.0013479838490486,0.0013479839999999983,0.0188
24,Sulawesi Tengah,2025-08-01,2025,8,0.0156,0.0131134065,-0.0024865935131907,0.0024865934999999985,0.0188
24,Sulawesi Tengah,2025-09-01,2025,9,0.0156,0.01485027,-0.0007497299969196,0.0007497299999999988,0.0188
24,Sulawesi Tengah,2025-10-01,2025,10,0.0156,0.014529703,-0.0010702968150377,0.0010702969999999996,0.0188
24,Sulawesi Tengah,2025-11-01,2025,11,0.0165,0.015386664,-0.0011133356913924,0.0011133360000000012,0.0188
24,Sulawesi Tengah,2025-12-01,2025,12,0.0171,0.015534488,-0.0015655124470591,0.0015655119999999998,0.0188
25,Sulawesi Barat,2025-01-01,2025,1,0.0125,0.014233526,0.0017335258424282,0.0017335259999999991,0.0281
25,Sulawesi Barat,2025-02-01,2025,2,0.0124,0.013985839,0.001585838741064,0.0015858390000000003,0.0281
25,Sulawesi Barat,2025-03-01,2025,3,0.0143,0.010105913,-0.0041940874263644,0.004194087000000001,0.0281
25,Sulawesi Barat,2025-04-01,2025,4,0.0127,0.009867514,-0.0028324864476919,0.0028324859999999986,0.0281
25,Sulawesi Barat,2025-05-01,2025,5,0.0121,0.010958822,-0.0011411775559186,0.0011411779999999996,0.0281
25,Sulawesi Barat,2025-06-01,2025,6,0.0119,0.013648652,0.0017486515402793,0.0017486519999999998,0.0281
25,Sulawesi Barat,2025-07-01,2025,7,0.0131,0.013551625,0.0004516254231333,0.0004516249999999989,0.0281
25,Sulawesi Barat,2025-08-01,2025,8,0.0132,0.012497003,-0.0007029968097805,0.0007029970000000003,0.0281
25,Sulawesi Barat,2025-09-01,2025,9,0.0134,0.0126219615,-0.0007780384659767,0.0007780384999999997,0.0281
25,Sulawesi Barat,2025-10-01,2025,10,0.0124,0.012325586,-7.4414180219173e-05,7.441400000000008e-05,0.0281
25,Sulawesi Barat,2025-11-01,2025,11,0.0125,0.012802051,0.0003020513802766,0.00030205099999999936,0.0281
25,Sulawesi Barat,2025-12-01,2025,12,0.011,0.0134411445,0.0024411444887518,0.0024411445000000007,0.0281
26,Sulawesi Selatan,2025-01-01,2025,1,0.0169,0.020155527,0.0032555266976356,0.003255527000000001,0.03
26,Sulawesi Selatan,2025-02-01,2025,2,0.0175,0.019521113,0.0020211134850978,0.002021112999999998,0.03
26,Sulawesi Selatan,2025-03-01,2025,3,0.0178,0.020388564,0.002588564094901,0.0025885640000000015,0.03
26,Sulawesi Selatan,2025-04-01,2025,4,0.0182,0.021696245,0.0034962452977895,0.0034962449999999985,0.03
26,Sulawesi Selatan,2025-05-01,2025,5,0.019,0.021184025,0.0021840253323316,0.002184024999999999,0.03
26,Sulawesi Selatan,2025-06-01,2025,6,0.0167,0.020869259,0.0041692587912082,0.0041692590000000015,0.03
26,Sulawesi Selatan,2025-07-01,2025,7,0.0159,0.02081546,0.004915460011363,0.00491546,0.03
26,Sulawesi Selatan,2025-08-01,2025,8,0.0153,0.020610966,0.0053109657883644,0.005310966000000002,0.03
26,Sulawesi Selatan,2025-09-01,2025,9,0.0156,0.020672102,0.0050721015274524,0.005072102000000002,0.03
26,Sulawesi Selatan,2025-10-01,2025,10,0.0157,0.019262627,0.0035626267671585,0.0035626270000000022,0.03
26,Sulawesi Selatan,2025-11-01,2025,11,0.017,0.020519534,0.0035195341259241,0.0035195339999999978,0.03
26,Sulawesi Selatan,2025-12-01,2025,12,0.0167,0.020480132,0.0037801317304372,0.003780132000000002,0.03
27,Sulawesi Tenggara,2025-01-01,2025,1,0.0153,0.0155804735,0.0002804734677076,0.0002804735000000013,0.0192
27,Sulawesi Tenggara,2025-02-01,2025,2,0.0144,0.015730912,0.0013309118658304,0.001330912,0.0192
27,Sulawesi Tenggara,2025-03-01,2025,3,0.0148,0.016026983,0.0012269830375909,0.001226983000000001,0.0192
27,Sulawesi Tenggara,2025-04-01,2025,4,0.0159,0.013244907,-0.0026550926283001,0.0026550930000000007,0.0192
27,Sulawesi Tenggara,2025-05-01,2025,5,0.0159,0.0136082675,-0.002291732469201,0.002291732500000001,0.0192
27,Sulawesi Tenggara,2025-06-01,2025,6,0.0144,0.01676193,0.0023619306594133,0.0023619300000000017,0.0192
27,Sulawesi Tenggara,2025-07-01,2025,7,0.0148,0.015449604,0.0006496040195226,0.0006496039999999998,0.0192
27,Sulawesi Tenggara,2025-08-01,2025,8,0.0143,0.0148240365,0.0005240365087985,0.0005240365,0.0192
27,Sulawesi Tenggara,2025-09-01,2025,9,0.0139,0.015659949,0.001759948810935,0.0017599490000000002,0.0192
27,Sulawesi Tenggara,2025-10-01,2025,10,0.0142,0.0151366005,0.000936600472033,0.000936600499999999,0.0192
27,Sulawesi Tenggara,2025-11-01,2025,11,0.015,0.018088464,0.0030884636938571,0.003088463999999999,0.0192
27,Sulawesi Tenggara,2025-12-01,2025,12,0.0148,0.01800981,0.0032098097771406,0.0032098100000000004,0.0192
28,Bali,2025-01-01,2025,1,0.0105,0.015722275,0.0052222747802734,0.005222275,0.0137
28,Bali,2025-02-01,2025,2,0.01,0.0147047285,0.0047047284990549,0.0047047285,0.0137
28,Bali,2025-03-01,2025,3,0.0112,0.015990842,0.0047908421337604,0.004790842000000002,0.0137
28,Bali,2025-04-01,2025,4,0.0177,0.016502146,-0.001197854322195,0.0011978540000000017,0.0137
28,Bali,2025-05-01,2025,5,0.0189,0.016934978,-0.0019650221556425,0.0019650220000000003,0.0137
28,Bali,2025-06-01,2025,6,0.0113,0.017610747,0.0063107473671436,0.006310747,0.0137
28,Bali,2025-07-01,2025,7,0.012,0.016955532,0.0049555321335792,0.004955531999999999,0.0137
28,Bali,2025-08-01,2025,8,0.0118,0.017800074,0.006000074070692,0.006000073999999999,0.0137
28,Bali,2025-09-01,2025,9,0.015,0.016432935,0.0014329353719949,0.0014329349999999998,0.0137
28,Bali,2025-10-01,2025,10,0.0223,0.017379154,-0.0049208464801311,0.0049208459999999996,0.0137
28,Bali,2025-11-01,2025,11,0.0227,0.016540987,-0.0061590125828981,0.006159013000000001,0.0137
28,Bali,2025-12-01,2025,12,0.0213,0.017395984,-0.0039040156185626,0.0039040159999999997,0.0137
29,Nusa Tenggara Barat,2025-01-01,2025,1,0.0369,0.037970558,0.001070557808876,0.0010705579999999992,0.0236
29,Nusa Tenggara Barat,2025-02-01,2025,2,0.0369,0.04419584,0.0072958382725715,0.007295839999999998,0.0236
29,Nusa Tenggara Barat,2025-03-01,2025,3,0.0408,0.039020568,-0.0017794318675994,0.0017794320000000044,0.0236
29,Nusa Tenggara Barat,2025-04-01,2025,4,0.0421,0.047992393,0.005892393374443,0.005892393000000003,0.0236
29,Nusa Tenggara Barat,2025-05-01,2025,5,0.0477,0.05343973,0.0057397289156913,0.0057397299999999984,0.0236
29,Nusa Tenggara Barat,2025-06-01,2025,6,0.0436,0.049559213,0.0059592132210731,0.005959212999999998,0.0236
29,Nusa Tenggara Barat,2025-07-01,2025,7,0.0437,0.047494095,0.0037940948188304,0.0037940949999999973,0.0236
29,Nusa Tenggara Barat,2025-08-01,2025,8,0.0412,0.047523547,0.0063235469639301,0.006323546999999999,0.0236
29,Nusa Tenggara Barat,2025-09-01,2025,9,0.0402,0.047004756,0.0068047555863857,0.006804756000000002,0.0236
29,Nusa Tenggara Barat,2025-10-01,2025,10,0.0387,0.047773935,0.0090739349007606,0.009073934999999998,0.0236
29,Nusa Tenggara Barat,2025-11-01,2025,11,0.0392,0.046923175,0.0077231754541397,0.007723174999999999,0.0236
29,Nusa Tenggara Barat,2025-12-01,2025,12,0.0339,0.047136046,0.0132360459923744,0.013236046000000001,0.0236
30,Nusa Tenggara Timur,2025-01-01,2025,1,0.0103,0.034439925,0.0241399251043796,0.024139925000000003,0.0381
30,Nusa Tenggara Timur,2025-02-01,2025,2,0.0128,0.035548065,0.0227480648577213,0.022748064999999998,0.0381
30,Nusa Tenggara Timur,2025-03-01,2025,3,0.0126,0.037070606,0.0244706059038639,0.024470606,0.0381
30,Nusa Tenggara Timur,2025-04-01,2025,4,0.0135,0.04165674,0.0281567400097847,0.02815674,0.0381
30,Nusa Tenggara Timur,2025-05-01,2025,5,0.0135,0.04016583,0.0266658304035663,0.02666583,0.0381
30,Nusa Tenggara Timur,2025-06-01,2025,6,0.0141,0.036997505,0.0228975045323371,0.022897505,0.0381
30,Nusa Tenggara Timur,2025-07-01,2025,7,0.0168,0.037343968,0.020543967705965,0.020543968,0.0381
30,Nusa Tenggara Timur,2025-08-01,2025,8,0.0194,0.039515,0.0201149998366832,0.020115,0.0381
30,Nusa Tenggara Timur,2025-09-01,2025,9,0.0186,0.039338708,0.0207387079238891,0.020738708,0.0381
30,Nusa Tenggara Timur,2025-10-01,2025,10,0.0189,0.039538495,0.0206384952425956,0.020638495,0.0381
30,Nusa Tenggara Timur,2025-11-01,2025,11,0.0206,0.039386455,0.0187864549696445,0.018786455,0.0381
30,Nusa Tenggara Timur,2025-12-01,2025,12,0.0153,0.038930442,0.0236304421842098,0.023630442,0.0381
31,Maluku Utara,2025-01-01,2025,1,0.0079,0.011908909,0.0040089093059301,0.004008909,0.0283
31,Maluku Utara,2025-02-01,2025,2,0.0082,0.012739631,0.0045396313473582,0.004539630999999999,0.0283
31,Maluku Utara,2025-03-01,2025,3,0.0084,0.0101859,0.001785900144279,0.0017859,0.0283
31,Maluku Utara,2025-04-01,2025,4,0.0101,0.0118902605,0.001790260502696,0.0017902604999999999,0.0283
31,Maluku Utara,2025-05-01,2025,5,0.0087,0.011990035,0.0032900349527597,0.003290035,0.0283
31,Maluku Utara,2025-06-01,2025,6,0.0062,0.014866417,0.008666417273879,0.008666417,0.0283
31,Maluku Utara,2025-07-01,2025,7,0.0063,0.01591961,0.0096196108579635,0.00961961,0.0283
31,Maluku Utara,2025-08-01,2025,8,0.0066,0.01572785,0.009127849677205,0.009127850000000002,0.0283
31,Maluku Utara,2025-09-01,2025,9,0.0072,0.014909471,0.0077094713851809,0.007709471000000001,0.0283
31,Maluku Utara,2025-10-01,2025,10,0.006,0.01563192,0.0096319197267293,0.00963192,0.0283
31,Maluku Utara,2025-11-01,2025,11,0.0067,0.016261077,0.009561076554656,0.009561076999999998,0.0283
31,Maluku Utara,2025-12-01,2025,12,0.0125,0.01655556,0.0040555607527494,0.00405556,0.0283
32,Maluku,2025-01-01,2025,1,0.0078,0.013445269,0.0056452693164348,0.005645269,0.0282
32,Maluku,2025-02-01,2025,2,0.0076,0.010887071,0.0032870705589652,0.003287071,0.0282
32,Maluku,2025-03-01,2025,3,0.0085,0.011581816,0.0030818157792091,0.0030818159999999994,0.0282
32,Maluku,2025-04-01,2025,4,0.0101,0.011801445,0.0017014449253678,0.001701445000000001,0.0282
32,Maluku,2025-05-01,2025,5,0.0102,0.011887329,0.0016873286992311,0.0016873289999999996,0.0282
32,Maluku,2025-06-01,2025,6,0.0084,0.016837051,0.0084370511382818,0.008437051,0.0282
32,Maluku,2025-07-01,2025,7,0.0115,0.017259499,0.0057594990581274,0.005759499000000001,0.0282
32,Maluku,2025-08-01,2025,8,0.0106,0.01723839,0.0066383897006511,0.006638389999999999,0.0282
32,Maluku,2025-09-01,2025,9,0.009,0.017842716,0.0088427156060934,0.008842716000000002,0.0282
32,Maluku,2025-10-01,2025,10,0.0068,0.017368365,0.0105683650791645,0.010568365,0.0282
32,Maluku,2025-11-01,2025,11,0.0079,0.017299423,0.009399422994256,0.009399423,0.0282
32,Maluku,2025-12-01,2025,12,0.0066,0.017476479,0.0108764785915613,0.010876479,0.0282
